event1,latitude1,longitude1,event2,latitude2,longitude2,Δτ,cc
2004-08-16T06:02:51.0,1.01,97.17,2014-12-24T17:34:24.0,1.01,97.17,8.422687932843743,0.9498073807763597
2004-09-07T03:23:00.0,0.07,98.7,2014-08-04T12:09:46.0,0.12,98.6,-0.9256850570540602,0.9935662269672692
2004-09-25T08:37:26.0,2.47,95.86,2005-04-28T09:36:43.0,2.48,95.91,-1.7602500139554011,0.9374178531004336
2004-09-25T08:37:26.0,2.47,95.86,2005-10-31T19:33:46.0,2.42,95.88,-0.46923505009014055,0.9526058775597507
2004-09-25T08:37:26.0,2.47,95.86,2008-08-07T21:27:35.0,2.41,95.84,-5.025744474612939,0.9383711461242086
2004-09-25T08:37:26.0,2.47,95.86,2009-03-23T01:53:17.0,2.38,95.83,-2.875334904985406,0.9132242945525276
2004-09-25T08:37:26.0,2.47,95.86,2010-06-06T20:44:06.0,2.45,95.81,-2.8856268203744952,0.9487193608848425
2004-09-25T08:37:26.0,2.47,95.86,2013-11-13T22:36:04.0,2.42,95.79,-2.780187712485295,0.9453226776381716
2004-09-25T08:37:26.0,2.47,95.86,2017-08-26T15:30:43.0,2.45,95.81,-2.327799672201766,0.9210397280444448
2004-10-05T21:29:42.0,2.34,96.26,2005-10-13T08:08:20.0,2.32,96.2,2.863004117758949,0.9520274764501258
2004-12-27T00:15:38.0,2.17,96.28,2005-04-02T05:55:03.0,2.18,96.2,1.0537968804544444,0.9241674112097312
2004-12-27T00:15:38.0,2.17,96.28,2005-09-27T16:52:19.0,2.26,96.25,0.839438362968061,0.9451721909929343
2004-12-27T00:15:38.0,2.17,96.28,2006-12-11T04:15:31.0,2.26,96.09,-0.5880876516427593,0.9183746504141888
2004-12-27T00:15:38.0,2.17,96.28,2010-02-23T13:24:11.0,2.2,96.15,-2.8473111769691895,0.9134409362416925
2004-12-27T00:15:38.0,2.17,96.28,2012-01-22T00:55:37.0,2.19,96.09,-0.40193457499170004,0.9299794134643309
2004-12-27T00:15:38.0,2.17,96.28,2013-01-01T20:05:00.0,2.19,96.07,-0.8159395098164728,0.9435498448219884
2004-12-27T19:46:26.0,1.01,97.17,2005-05-23T14:45:24.0,1.01,97.17,-0.05422965901149102,0.9643315703037855
2004-12-28T11:17:24.0,1.01,97.17,2004-12-30T01:42:55.0,1.01,97.17,-4.846857176668414,0.9204732638584987
2004-12-28T11:17:24.0,1.01,97.17,2005-01-05T14:53:58.0,1.01,97.17,-6.787168285396677,0.9037542442131726
2004-12-28T11:17:24.0,1.01,97.17,2005-03-19T03:00:48.0,1.01,97.17,1.3567448522490928,0.969295872365717
2004-12-28T11:17:24.0,1.01,97.17,2005-05-31T02:29:23.0,1.01,97.17,-4.867022814909864,0.9393800154721437
2004-12-28T11:17:24.0,1.01,97.17,2005-10-03T22:09:18.0,1.01,97.17,-6.456517301734665,0.9668540521775217
2004-12-28T11:17:24.0,1.01,97.17,2005-10-11T15:05:22.0,1.01,97.17,-0.844385605165817,0.9442536371607221
2004-12-28T11:17:24.0,1.01,97.17,2007-11-22T23:01:53.0,1.01,97.17,-1.3706719149611235,0.9539135347872619
2004-12-28T11:17:24.0,1.01,97.17,2008-05-13T10:29:00.0,1.01,97.17,-0.8876869041342537,0.9885225007522798
2004-12-28T11:17:24.0,1.01,97.17,2012-10-29T02:21:52.0,1.01,97.17,-10.099494832847727,0.9501833308888902
2004-12-28T11:17:24.0,1.01,97.17,2013-01-10T13:46:45.0,1.01,97.17,-0.3997473952006164,0.9511531481289869
2004-12-28T11:17:24.0,1.01,97.17,2013-12-20T21:10:11.0,1.01,97.17,2.1162678826884407,0.9085464644081076
2004-12-28T11:17:24.0,1.01,97.17,2014-09-12T09:25:56.0,1.01,97.17,-11.674281558536222,0.9133499168317037
2004-12-28T11:17:24.0,1.01,97.17,2014-12-24T17:34:24.0,1.01,97.17,0.4056740454081543,0.9513583027474033
2004-12-28T14:30:19.0,1.01,97.17,2005-03-13T22:12:39.0,1.01,97.17,-8.763245183923503,0.950495211179743
2004-12-28T14:30:19.0,1.01,97.17,2005-05-12T16:04:15.0,1.01,97.17,-4.086902840857842,0.9684645293288769
2004-12-28T14:30:19.0,1.01,97.17,2005-08-28T04:43:31.0,1.01,97.17,-5.296769487939853,0.95446518677324
2004-12-28T14:30:19.0,1.01,97.17,2005-09-29T18:12:16.0,1.01,97.17,-5.274753717559859,0.917906360999407
2004-12-28T14:30:19.0,1.01,97.17,2010-10-11T09:06:09.0,1.01,97.17,-2.910544868113912,0.9709269710721423
2004-12-29T09:10:07.0,2.93,96.08,2007-07-28T21:12:18.0,2.87,95.9,-2.548695248654564,0.9071520452903729
2004-12-30T04:27:33.0,1.01,97.17,2005-01-29T18:20:54.0,1.01,97.17,0.7898300874375291,0.9713521205999177
2004-12-30T04:27:33.0,1.01,97.17,2005-10-04T12:23:19.0,1.01,97.17,0.19567872326773192,0.9767244399578273
2004-12-31T10:58:12.0,1.01,97.17,2005-02-13T02:01:57.0,1.01,97.17,-4.303951268127005,0.9713993840613643
2004-12-31T13:09:53.0,1.01,97.17,2005-01-17T00:36:10.0,1.01,97.17,-0.6233037167193232,0.9169051370849838
2005-01-02T12:12:06.0,1.01,97.17,2005-10-05T08:46:21.0,1.01,97.17,7.152794074978091,0.923536437879586
2005-01-02T16:01:24.0,2.73,96.2,2005-05-30T19:23:08.0,2.58,95.88,2.696046806417412,0.9468615909700498
2005-01-02T16:01:24.0,2.73,96.2,2010-04-04T12:43:14.0,2.56,95.83,0.5764184761221045,0.9424753413956162
2005-01-02T19:35:20.0,1.01,97.17,2005-01-26T23:43:23.0,1.01,97.17,-0.13082796957552267,0.9948464827892176
2005-01-02T19:35:20.0,1.01,97.17,2005-03-30T23:17:04.0,1.01,97.17,0.15978461711579567,0.9942385902749986
2005-01-02T19:35:20.0,1.01,97.17,2007-07-13T13:23:10.0,1.01,97.17,0.14543820166219,0.9743135386026109
2005-01-04T17:02:16.0,3.08,94.52,2005-01-24T14:52:45.0,3.08,94.52,0.7145940845711419,0.9671208898220464
2005-01-04T17:02:16.0,3.08,94.52,2005-07-10T22:50:46.0,3.08,94.52,0.703693031471831,0.9474311531400391
2005-01-04T17:02:16.0,3.08,94.52,2011-10-27T09:13:24.0,3.08,94.52,0.05882362801637738,0.9077136664708748
2005-01-04T19:07:53.0,1.01,97.17,2007-12-28T05:23:54.0,1.01,97.17,5.354820441427848,0.943424574123095
2005-01-05T14:34:24.0,1.01,97.17,2005-10-05T08:46:21.0,1.01,97.17,7.656201034003671,0.9188372941901426
2005-01-05T14:34:24.0,1.01,97.17,2008-01-05T20:01:45.0,1.01,97.17,-0.3153357210059633,0.9836478870159316
2005-01-05T14:34:24.0,1.01,97.17,2012-06-05T11:01:10.0,1.01,97.17,-0.2588614558679594,0.9832728238373853
2005-01-05T14:34:24.0,1.01,97.17,2017-01-17T11:48:38.0,1.01,97.17,0.0917143611786985,0.9775020535887429
2005-01-06T15:04:59.0,2.7,95.96,2005-06-20T19:17:04.0,2.63,95.94,4.513115882182755,0.9010763608487637
2005-01-08T04:40:35.0,2.77,95.68,2005-01-22T11:39:43.0,2.55,95.51,1.4383845189750764,0.9136369384143718
2005-01-08T04:40:35.0,2.77,95.68,2005-03-15T21:34:03.0,2.76,95.62,0.9161372053660626,0.9464264424041939
2005-01-09T03:02:44.0,1.01,97.17,2005-01-31T03:08:10.0,1.01,97.17,-3.546549264893788,0.985821130956803
2005-01-09T03:02:44.0,1.01,97.17,2005-10-05T08:46:21.0,1.01,97.17,5.714271461655254,0.9259707782849053
2005-01-11T08:31:28.0,3.02,96.42,2005-04-12T17:23:31.0,2.92,96.3,0.7504754720075122,0.9504919811978495
2005-01-11T08:31:28.0,3.02,96.42,2005-05-04T11:57:05.0,2.87,96.19,0.3620504020363353,0.9627096634749941
2005-01-11T08:31:28.0,3.02,96.42,2005-11-29T14:45:28.0,2.81,96.12,-1.1296399439138536,0.9698492197767417
2005-01-11T08:31:28.0,3.02,96.42,2007-11-27T11:25:15.0,2.84,96.19,-1.9745409487457324,0.951775701870416
2005-01-11T21:46:24.0,1.01,97.17,2009-01-31T06:34:59.0,1.01,97.17,0.04245604842986207,0.9449147095061456
2005-01-24T14:52:45.0,3.08,94.52,2005-07-10T22:50:46.0,3.08,94.52,-0.009963554881139107,0.9674600413660343
2005-01-24T14:52:45.0,3.08,94.52,2011-10-27T09:13:24.0,3.08,94.52,-0.6549571177028861,0.9202050902705842
2005-01-26T23:43:23.0,1.01,97.17,2005-03-30T23:17:04.0,1.01,97.17,0.2908427547211081,0.9953573210429358
2005-01-26T23:43:23.0,1.01,97.17,2007-07-13T13:23:10.0,1.01,97.17,0.2753973773418999,0.9713009558707054
2005-01-29T18:20:54.0,1.01,97.17,2005-10-04T12:23:19.0,1.01,97.17,-0.5940043739638752,0.9922424613870664
2005-02-01T00:05:07.0,2.65,96.01,2007-11-14T04:12:22.0,2.68,95.93,-2.371897742040929,0.936509335891355
2005-02-04T06:57:06.0,2.72,95.65,2005-07-28T02:43:57.0,2.69,95.62,0.21689309323189182,0.9549319277500024
2005-02-16T00:25:12.0,1.01,97.17,2007-06-05T20:32:27.0,1.01,97.17,-0.10053296323126358,0.9774580711763957
2005-02-16T00:25:12.0,1.01,97.17,2008-04-13T14:58:54.0,1.01,97.17,-0.4970736116778317,0.9731514982867013
2005-02-16T00:25:12.0,1.01,97.17,2011-05-12T07:40:56.0,1.01,97.17,0.009227716833950721,0.9336339078028729
2005-02-16T00:25:12.0,1.01,97.17,2013-07-29T01:43:23.0,1.01,97.17,-0.4696523630796814,0.982381512991197
2005-02-19T23:45:10.0,1.01,97.17,2014-09-27T15:15:37.0,1.01,97.17,-0.8707668998012075,0.9579003627836857
2005-02-27T09:00:36.0,1.01,97.17,2008-03-16T01:40:44.0,1.01,97.17,0.1839268726325044,0.9912864053853833
2005-02-27T17:42:42.0,2.43,95.73,2010-04-26T12:02:34.0,2.45,95.73,-2.8668757504957023,0.9013776109159448
2005-02-27T17:42:42.0,2.43,95.73,2011-12-02T08:07:39.0,2.55,95.78,-2.1480863818538465,0.9143069520096788
2005-02-27T21:39:01.0,2.63,95.6,2015-05-27T16:16:41.0,2.66,95.55,-1.3470808218120187,0.9006745833437205
2005-02-27T21:39:01.0,2.63,95.6,2017-09-02T13:01:00.0,2.46,95.74,-1.64111595737974,0.9117205309082251
2005-03-11T14:43:30.0,1.01,97.17,2014-09-27T15:15:37.0,1.01,97.17,-0.19476320531541202,0.979069985652986
2005-03-15T21:34:03.0,2.76,95.62,2005-07-04T15:16:25.0,2.67,95.52,0.013913041182771368,0.9022466030770887
2005-03-15T21:34:03.0,2.76,95.62,2006-12-11T12:29:53.0,2.7,95.62,-6.5558486842861505,0.9156637630386031
2005-03-25T01:04:47.0,1.01,97.17,2013-12-20T21:10:11.0,1.01,97.17,8.050212748473436,0.9244701052253471
2005-03-28T17:29:05.0,1.61,97.1,2005-10-30T21:37:44.0,1.71,97.15,-2.3531043274495795,0.949089350568007
2005-03-28T17:29:05.0,1.61,97.1,2007-04-13T12:20:52.0,1.69,97.05,-4.212139288302283,0.9181081261247033
2005-03-28T17:29:05.0,1.61,97.1,2013-06-16T00:44:39.0,1.69,96.98,-3.8277392690187737,0.930302477785973
2005-03-28T18:41:37.0,1.35,97.08,2005-04-10T09:50:59.0,1.4,97.11,-0.50655976820235,0.9010309481306367
2005-03-28T18:41:37.0,1.35,97.08,2005-06-21T04:19:31.0,1.4,97.2,-0.7426148891397694,0.9259020835399046
2005-03-28T23:20:29.0,0.86,97.4,2005-03-29T14:43:29.0,0.87,97.45,-0.7333065679977491,0.9212967284254887
2005-03-28T23:20:29.0,0.86,97.4,2005-05-15T16:31:49.0,0.89,97.4,-0.09583572299415863,0.9066508912513269
2005-03-29T01:04:37.0,1.17,97.08,2005-03-29T18:17:23.0,1.26,97.24,-0.011983902827506165,0.9148913397169076
2005-03-29T01:04:37.0,1.17,97.08,2005-05-21T23:15:47.0,1.23,97.1,-0.10051551828594893,0.9010472103149115
2005-03-29T02:40:36.0,1.14,97.21,2005-03-30T18:16:46.0,1.14,97.19,0.7941087410932087,0.9639374493130543
2005-03-29T02:40:36.0,1.14,97.21,2005-04-03T13:40:15.0,1.12,97.19,0.0007273349733329243,0.9100313943471461
2005-03-29T02:40:36.0,1.14,97.21,2005-04-10T00:55:16.0,1.17,97.14,1.5862304208615101,0.9278744209760235
2005-03-29T02:40:36.0,1.14,97.21,2005-08-02T07:15:44.0,1.13,97.23,-0.8177731275630008,0.9275061657970273
2005-03-29T03:38:26.0,2.27,96.4,2005-04-03T06:55:57.0,2.26,96.36,-1.612897552721003,0.9422271689209343
2005-03-29T03:38:26.0,2.27,96.4,2005-04-25T22:58:02.0,2.24,96.28,0.4556815115494372,0.9335467501246159
2005-03-29T03:38:26.0,2.27,96.4,2005-08-23T21:52:41.0,2.23,96.28,-0.28152715119215976,0.9684406759718627
2005-03-29T03:38:26.0,2.27,96.4,2005-12-12T12:36:46.0,2.21,96.23,-0.02342989438537879,0.901491290742376
2005-03-29T03:38:26.0,2.27,96.4,2007-07-30T06:56:11.0,2.36,96.39,-6.403905957266587,0.9088264480769438
2005-03-29T03:38:26.0,2.27,96.4,2012-05-30T20:12:46.0,2.31,96.33,-1.9977865667763517,0.9425372019123571
2005-03-29T03:38:26.0,2.27,96.4,2016-01-04T21:09:02.0,2.27,96.26,-1.9493548626285766,0.9229669315420719
2005-03-29T03:44:34.0,1.36,97.11,2005-04-28T12:54:40.0,1.39,97.12,0.09647204323891406,0.9395133751735849
2005-03-29T03:44:34.0,1.36,97.11,2005-06-05T04:49:02.0,1.28,96.99,1.1275972962358778,0.960577403824895
2005-03-29T03:44:34.0,1.36,97.11,2005-07-28T07:11:54.0,1.32,97.07,-0.692823472626568,0.9488301972834915
2005-03-29T03:44:34.0,1.36,97.11,2005-10-18T11:22:09.0,1.4,97.11,-0.7866475022497854,0.908213480636638
2005-03-29T08:57:44.0,1.6,97.59,2005-04-02T06:47:27.0,1.58,97.54,0.21073716357260475,0.9120944770237958
2005-03-29T08:57:44.0,1.6,97.59,2005-04-10T01:09:09.0,1.6,97.59,0.3582034205486902,0.9242150742704696
2005-03-29T09:28:20.0,1.31,97.21,2005-04-07T16:40:51.0,1.3,97.17,0.1737093912097094,0.9346896063213176
2005-03-29T10:36:49.0,1.18,97.28,2005-04-08T03:07:10.0,1.22,97.27,-1.0354158880775142,0.9309671756266642
2005-03-29T11:08:16.0,0.85,97.46,2005-03-31T15:08:08.0,0.84,97.35,-0.31881060773170034,0.9027962534561673
2005-03-29T11:08:16.0,0.85,97.46,2005-04-17T11:54:31.0,0.89,97.44,-1.4024819281118435,0.90607714191729
2005-03-29T12:44:06.0,1.08,97.4,2005-04-05T22:20:07.0,1.07,97.42,1.3728803009040447,0.9229428370721994
2005-03-29T14:24:21.0,1.31,97.11,2005-04-03T19:25:42.0,1.34,97.2,-0.3572458733427235,0.9310408054557542
2005-03-29T14:24:21.0,1.31,97.11,2007-08-04T18:29:41.0,1.32,97.26,-2.5070469793110215,0.9051414791825445
2005-03-29T14:43:29.0,0.87,97.45,2005-04-03T07:15:11.0,0.85,97.43,-1.1598488445758413,0.9683133988221495
2005-03-29T14:43:29.0,0.87,97.45,2005-04-10T15:24:59.0,0.88,97.46,-1.8056441043833558,0.9486580066526048
2005-03-29T14:43:29.0,0.87,97.45,2005-04-25T05:56:15.0,0.93,97.43,-1.6011255213870745,0.9547429426154487
2005-03-29T14:43:29.0,0.87,97.45,2005-05-15T16:31:49.0,0.89,97.4,0.6385150751409403,0.9690778865827746
2005-03-29T14:43:29.0,0.87,97.45,2005-07-01T16:57:43.0,0.89,97.37,0.7907551318020689,0.9473030462705277
2005-03-29T14:43:29.0,0.87,97.45,2005-08-25T09:24:32.0,0.79,97.36,1.2173383044075854,0.9082251118659666
2005-03-29T14:43:29.0,0.87,97.45,2005-11-01T00:26:45.0,0.85,97.44,-1.9805976724491319,0.9486355293143257
2005-03-29T14:43:29.0,0.87,97.45,2007-05-02T01:55:41.0,0.84,97.41,-2.6094317971916703,0.9291990334012499
2005-03-29T17:20:47.0,2.56,97.04,2005-11-08T07:23:41.0,2.72,97.22,-1.0745857145061843,0.9444959072949838
2005-03-29T17:20:47.0,2.56,97.04,2010-04-24T11:08:30.0,2.52,96.96,-3.395362164480239,0.94931981742646
2005-03-29T17:42:35.0,1.31,97.22,2005-04-04T11:05:36.0,1.27,97.18,-0.4225510293248561,0.9096626908671777
2005-03-29T17:42:35.0,1.31,97.22,2005-04-17T07:48:10.0,1.26,97.22,-2.098161853037477,0.9665201221584774
2005-03-29T17:42:35.0,1.31,97.22,2008-05-18T02:59:59.0,1.23,97.05,-2.3500443016851964,0.9217865482339411
2005-03-29T17:42:35.0,1.31,97.22,2010-07-13T22:21:03.0,1.33,97.16,-2.7862858492323928,0.9224339853800937
2005-03-29T19:13:22.0,1.32,97.17,2005-04-07T13:59:23.0,1.19,97.06,2.532785463355619,0.9141793605748174
2005-03-29T21:17:07.0,0.98,97.39,2005-04-10T06:12:53.0,0.99,97.38,1.9951866234617246,0.9067984727531411
2005-03-30T02:06:11.0,1.19,97.17,2005-04-19T03:40:21.0,1.27,97.23,-3.650518722717595,0.9217154604461952
2005-03-30T05:17:11.0,0.9,97.39,2005-04-12T04:52:23.0,0.79,97.4,1.1936019160314135,0.9194650435438091
2005-03-30T05:17:11.0,0.9,97.39,2005-04-19T09:07:54.0,0.89,97.37,1.0591919964550165,0.9248590148276803
2005-03-30T05:17:11.0,0.9,97.39,2005-05-27T00:30:43.0,0.87,97.37,2.023769328010535,0.9009588664593383
2005-03-30T05:17:11.0,0.9,97.39,2005-07-11T16:20:47.0,0.85,97.38,1.6936601618874054,0.9315464659328071
2005-03-30T18:16:46.0,1.14,97.19,2005-04-03T13:40:15.0,1.12,97.19,-0.7929900407603478,0.9353846764775222
2005-03-30T18:16:46.0,1.14,97.19,2005-04-10T00:55:16.0,1.17,97.14,0.7903252264180762,0.9435417799904665
2005-03-30T18:16:46.0,1.14,97.19,2005-08-02T07:15:44.0,1.13,97.23,-1.6117409934040876,0.949370330290299
2005-03-30T18:22:31.0,2.14,96.35,2013-07-09T01:05:39.0,2.11,96.27,-1.9687155865352235,0.9044522959568128
2005-03-31T07:14:19.0,1.97,96.69,2014-03-13T02:28:13.0,2.07,96.64,-4.571262045679852,0.9229136338730929
2005-03-31T14:27:19.0,1.01,97.17,2006-09-19T20:39:30.0,1.01,97.17,2.1712914197320954,0.9877881441953624
2005-03-31T15:08:08.0,0.84,97.35,2005-04-17T11:54:31.0,0.89,97.44,-1.082428660249025,0.907976731389442
2005-03-31T19:14:35.0,1.36,97.1,2005-04-10T09:50:59.0,1.4,97.11,0.28735079369630556,0.9487448542985881
2005-03-31T19:14:35.0,1.36,97.1,2005-11-29T09:12:04.0,1.39,97.13,-1.2566725426281133,0.9564183025779284
2005-03-31T19:14:35.0,1.36,97.1,2011-09-04T22:08:06.0,1.34,96.93,-1.2899211303208988,0.9138651807100633
2005-04-01T09:04:41.0,1.22,96.75,2013-03-20T07:07:20.0,1.16,96.69,0.5368627465029188,0.9530606033682476
2005-04-01T14:18:05.0,2.18,96.72,2005-08-26T06:06:59.0,2.19,96.7,-1.489777370781119,0.9102715327290004
2005-04-01T21:48:21.0,1.06,97.2,2005-04-06T08:44:19.0,1.1,97.09,-1.1747551439957344,0.915507171337868
2005-04-01T21:48:21.0,1.06,97.2,2005-04-15T21:56:13.0,1.3,97.36,-0.37730533019154255,0.9127731417261791
2005-04-01T21:48:21.0,1.06,97.2,2005-04-27T05:02:05.0,1.12,97.21,-2.8786237040582723,0.9219349029606434
2005-04-01T21:48:21.0,1.06,97.2,2005-08-15T19:56:31.0,1.18,97.37,-5.29983238803991,0.9062253633082727
2005-04-02T00:12:16.0,1.95,97.8,2005-06-09T10:59:33.0,1.7,97.72,3.90523560619742,0.9689763943933801
2005-04-02T00:12:16.0,1.95,97.8,2007-11-27T05:04:39.0,2.02,97.82,-3.403816027035757,0.9705768128794123
2005-04-02T05:55:03.0,2.18,96.2,2005-09-27T16:52:19.0,2.26,96.25,-0.21084342845422627,0.9260422682245962
2005-04-02T05:55:03.0,2.18,96.2,2006-12-11T04:15:31.0,2.26,96.09,-1.6388057210677536,0.9096895103070178
2005-04-02T05:55:03.0,2.18,96.2,2010-02-23T13:24:11.0,2.2,96.15,-3.8959212749743948,0.9031247118575904
2005-04-02T06:47:27.0,1.58,97.54,2005-04-10T01:09:09.0,1.6,97.59,0.14743455752020795,0.926402656927567
2005-04-02T07:09:20.0,1.05,97.18,2005-04-12T09:56:39.0,1.09,97.21,-1.82767341423631,0.9560665425689276
2005-04-02T07:09:20.0,1.05,97.18,2005-05-12T17:36:05.0,1.1,97.2,-1.912061472631679,0.9291653443115745
2005-04-02T07:09:20.0,1.05,97.18,2005-07-10T07:38:48.0,1.13,97.17,-0.8908813481984509,0.9349540918136166
2005-04-02T07:09:20.0,1.05,97.18,2005-09-23T05:18:50.0,1.04,97.27,-2.333036525286077,0.9002929910348287
2005-04-02T07:09:20.0,1.05,97.18,2005-12-30T20:00:29.0,1.07,97.16,-0.1197863358436051,0.9340295890626221
2005-04-02T07:09:20.0,1.05,97.18,2008-10-11T12:32:32.0,1.15,97.3,-6.108697505759748,0.9075959155621105
2005-04-02T07:09:20.0,1.05,97.18,2012-05-02T08:35:06.0,1.11,97.08,-1.9454450006257498,0.9050790457259882
2005-04-02T17:40:47.0,2.52,95.82,2005-07-13T09:40:00.0,2.48,95.71,-1.6609045282070338,0.9123305074012044
2005-04-02T17:40:47.0,2.52,95.82,2005-12-27T01:54:35.0,2.57,95.79,-1.545075073205712,0.920932040407459
2005-04-02T17:40:47.0,2.52,95.82,2012-08-07T02:26:28.0,2.52,95.8,-2.145662750847141,0.9065161026771061
2005-04-03T06:55:57.0,2.26,96.36,2005-04-25T22:58:02.0,2.24,96.28,2.066292605378325,0.9102910208641987
2005-04-03T06:55:57.0,2.26,96.36,2005-08-23T21:52:41.0,2.23,96.28,1.3324617207851244,0.9356670067786346
2005-04-03T06:55:57.0,2.26,96.36,2005-12-12T12:36:46.0,2.21,96.23,1.5905832006048182,0.9268297392030898
2005-04-03T06:55:57.0,2.26,96.36,2007-07-30T06:56:11.0,2.36,96.39,-4.794850795811317,0.9189543069777315
2005-04-03T06:55:57.0,2.26,96.36,2012-05-30T20:12:46.0,2.31,96.33,-0.38691286134181235,0.9191253920265332
2005-04-03T06:55:57.0,2.26,96.36,2016-01-04T21:09:02.0,2.27,96.26,-0.3372186189673767,0.9367709613754797
2005-04-03T07:15:11.0,0.85,97.43,2005-04-10T15:24:59.0,0.88,97.46,-0.6450482466810874,0.9338451175388185
2005-04-03T07:15:11.0,0.85,97.43,2005-04-25T05:56:15.0,0.93,97.43,-0.44194517115554866,0.9417539400973274
2005-04-03T07:15:11.0,0.85,97.43,2005-05-15T16:31:49.0,0.89,97.4,1.7982916921982106,0.9608833571269997
2005-04-03T07:15:11.0,0.85,97.43,2005-07-01T16:57:43.0,0.89,97.37,1.9507042149491154,0.9359545231067999
2005-04-03T07:15:11.0,0.85,97.43,2005-08-25T09:24:32.0,0.79,97.36,2.376188705691203,0.9053270994929852
2005-04-03T07:15:11.0,0.85,97.43,2005-11-01T00:26:45.0,0.85,97.44,-0.8202755121230427,0.9446797564519882
2005-04-03T07:15:11.0,0.85,97.43,2007-05-02T01:55:41.0,0.84,97.41,-1.4491324059100912,0.9319106017370256
2005-04-03T13:40:15.0,1.12,97.19,2005-04-10T00:55:16.0,1.17,97.14,1.5820897534237475,0.9053873109219087
2005-04-03T13:40:15.0,1.12,97.19,2005-08-02T07:15:44.0,1.13,97.23,-0.8191662212254806,0.9169410250859049
2005-04-03T13:40:15.0,1.12,97.19,2010-09-30T21:47:19.0,1.08,97.12,-0.8762719310833185,0.9066272288056069
2005-04-04T11:05:36.0,1.27,97.18,2008-05-18T02:59:59.0,1.23,97.05,-1.9275682045744256,0.9394021988799326
2005-04-04T11:05:36.0,1.27,97.18,2010-07-13T22:21:03.0,1.33,97.16,-2.365065902789533,0.9393440683969289
2005-04-04T11:13:23.0,1.65,97.01,2005-05-02T15:02:38.0,1.63,97.0,0.4609378986396567,0.9522942753983643
2005-04-04T11:13:23.0,1.65,97.01,2005-07-04T11:07:02.0,1.61,96.96,0.7997853976491043,0.9570486612330273
2005-04-04T11:13:23.0,1.65,97.01,2005-09-21T07:23:39.0,1.62,97.0,-0.1459612938004815,0.9432114044426224
2005-04-04T11:13:23.0,1.65,97.01,2006-11-28T07:44:16.0,1.69,96.93,-3.413287209275362,0.9213006407466855
2005-04-04T11:13:23.0,1.65,97.01,2009-03-19T02:32:41.0,1.58,96.79,-2.2136617244507155,0.9571594551837305
2005-04-04T11:13:23.0,1.65,97.01,2010-07-03T01:57:53.0,1.48,96.83,-0.7180815004805227,0.9318303196415173
2005-04-04T11:13:23.0,1.65,97.01,2013-09-26T20:09:31.0,1.6,96.86,-1.040049985656624,0.9232224945477954
2005-04-04T19:36:53.0,1.01,97.17,2005-05-12T16:04:15.0,1.01,97.17,-1.5891634396573902,0.9095679019213927
2005-04-04T19:36:53.0,1.01,97.17,2007-12-28T05:23:54.0,1.01,97.17,3.3852498009616565,0.9019611851248779
2005-04-04T19:36:53.0,1.01,97.17,2008-01-05T20:01:45.0,1.01,97.17,-3.717096588002535,0.9396982258421378
2005-04-04T19:36:53.0,1.01,97.17,2012-06-05T11:01:10.0,1.01,97.17,-3.659270737917953,0.9326985848493415
2005-04-04T19:36:53.0,1.01,97.17,2016-10-12T16:50:24.0,1.01,97.17,-0.2761146784953925,0.9108200514964553
2005-04-04T19:36:53.0,1.01,97.17,2017-01-17T11:48:38.0,1.01,97.17,-3.312036374685914,0.9441458410292328
2005-04-04T21:00:45.0,1.96,97.88,2007-07-30T10:38:38.0,1.87,97.78,-2.133755735843464,0.9720606303474169
2005-04-05T09:37:21.0,1.89,97.06,2005-11-12T18:54:11.0,1.9,97.11,0.6350129633571369,0.9206424745944424
2005-04-05T18:25:23.0,2.05,96.71,2010-04-07T05:05:10.0,2.05,96.7,-0.9930054304416817,0.9250447630798434
2005-04-05T18:25:23.0,2.05,96.71,2010-04-09T15:59:14.0,2.04,96.62,-1.9043724008943421,0.9034822132712772
2005-04-05T22:20:07.0,1.07,97.42,2005-05-04T12:24:28.0,1.08,97.43,-1.119496851088815,0.9438852950094511
2005-04-05T22:20:07.0,1.07,97.42,2005-11-12T20:22:19.0,0.98,97.31,0.7726037557896897,0.9105796105989494
2005-04-06T08:44:19.0,1.1,97.09,2005-04-15T21:56:13.0,1.3,97.36,0.7972932129721972,0.9169077347646752
2005-04-06T08:44:19.0,1.1,97.09,2005-05-22T12:41:03.0,1.09,97.16,0.6368543913669293,0.919582898835268
2005-04-06T08:44:19.0,1.1,97.09,2005-08-15T19:56:31.0,1.18,97.37,-4.126755749349316,0.9173679591091481
2005-04-06T08:44:19.0,1.1,97.09,2009-04-11T00:03:30.0,1.07,97.05,-0.371722916684287,0.9235553966452512
2005-04-07T03:21:26.0,1.96,96.73,2005-08-19T18:32:22.0,1.97,96.68,1.112066149924027,0.9223364048362085
2005-04-07T21:02:44.0,2.31,96.34,2005-06-29T22:24:05.0,2.28,96.21,2.4404780092201888,0.9413601229670625
2005-04-10T00:55:16.0,1.17,97.14,2005-08-02T07:15:44.0,1.13,97.23,-2.4026503955599887,0.9043565152851892
2005-04-10T06:52:56.0,0.16,97.8,2007-12-20T15:44:01.0,0.04,97.54,3.11236311597467,0.9079493835806517
2005-04-10T06:52:56.0,0.16,97.8,2014-04-15T15:12:23.0,0.12,97.69,-0.1145956414164544,0.9118790393049361
2005-04-10T09:50:59.0,1.4,97.11,2005-06-21T04:19:31.0,1.4,97.2,-0.2367297999750872,0.9005365951780853
2005-04-10T09:50:59.0,1.4,97.11,2005-11-29T09:12:04.0,1.39,97.13,-1.5443605165676093,0.9571037261728302
2005-04-10T09:50:59.0,1.4,97.11,2011-09-04T22:08:06.0,1.34,96.93,-1.5799528312418378,0.909272075004285
2005-04-10T15:24:59.0,0.88,97.46,2005-04-25T05:56:15.0,0.93,97.43,0.2033076174866776,0.9271873925636718
2005-04-10T15:24:59.0,0.88,97.46,2005-05-15T16:31:49.0,0.89,97.4,2.4428116343705155,0.9443727578023512
2005-04-10T15:24:59.0,0.88,97.46,2005-07-01T16:57:43.0,0.89,97.37,2.595945108593529,0.93683888937631
2005-04-10T15:24:59.0,0.88,97.46,2005-08-25T09:24:32.0,0.79,97.36,3.022504332060974,0.9085367021063115
2005-04-10T15:24:59.0,0.88,97.46,2005-11-01T00:26:45.0,0.85,97.44,-0.1755667767214571,0.9338176502659001
2005-04-10T15:24:59.0,0.88,97.46,2007-05-02T01:55:41.0,0.84,97.41,-0.8052712049355084,0.9311269264308304
2005-04-10T16:05:28.0,1.31,97.2,2005-05-06T10:08:16.0,1.31,97.25,-0.7552564921383647,0.9319881649586538
2005-04-10T16:05:28.0,1.31,97.2,2005-06-03T12:07:42.0,1.31,97.21,-0.9568333313837024,0.9681024982511202
2005-04-10T16:05:28.0,1.31,97.2,2008-07-22T12:27:56.0,1.34,97.19,-4.328090189358434,0.9527365476271622
2005-04-10T16:05:28.0,1.31,97.2,2010-06-06T01:37:35.0,1.33,97.15,-2.9983980703188493,0.9045901387529156
2005-04-10T16:05:28.0,1.31,97.2,2015-02-15T10:14:55.0,1.23,97.06,-2.3163417620961253,0.963862725848544
2005-04-12T04:52:23.0,0.79,97.4,2005-04-19T09:07:54.0,0.89,97.37,-0.13420511036024496,0.916554249849251
2005-04-12T04:52:23.0,0.79,97.4,2005-07-11T16:20:47.0,0.85,97.38,0.4995841322675515,0.924891102202829
2005-04-12T06:01:07.0,1.85,97.07,2008-07-31T15:16:55.0,1.79,97.09,-1.8542300632945121,0.9248272897825771
2005-04-12T09:56:39.0,1.09,97.21,2005-05-12T17:36:05.0,1.1,97.2,-0.08634179090718466,0.9327627448601707
2005-04-12T09:56:39.0,1.09,97.21,2005-07-10T07:38:48.0,1.13,97.17,0.9372619460378036,0.9337485645909243
2005-04-12T09:56:39.0,1.09,97.21,2005-09-23T05:18:50.0,1.04,97.27,-0.5051533910822688,0.9111604389389945
2005-04-12T09:56:39.0,1.09,97.21,2005-12-30T20:00:29.0,1.07,97.16,1.7070952200387264,0.952935832297091
2005-04-12T09:56:39.0,1.09,97.21,2008-10-11T12:32:32.0,1.15,97.3,-4.279529637763851,0.9171109544843128
2005-04-12T17:23:31.0,2.92,96.3,2005-05-04T11:57:05.0,2.87,96.19,-0.3892800808240042,0.9414360344275925
2005-04-12T17:23:31.0,2.92,96.3,2005-11-29T14:45:28.0,2.81,96.12,-1.8802316620105712,0.9562128902778725
2005-04-12T17:23:31.0,2.92,96.3,2007-11-27T11:25:15.0,2.84,96.19,-2.7269079897789332,0.9251126339488033
2005-04-14T19:06:41.0,2.01,96.73,2010-04-08T07:26:05.0,2.12,96.61,-2.5928756511305258,0.9036416091461819
2005-04-15T15:12:50.0,1.79,97.19,2005-10-07T09:15:34.0,1.72,97.05,2.165704683063321,0.9537819100677585
2005-04-15T15:12:50.0,1.79,97.19,2006-11-22T02:56:50.0,1.7,97.1,-1.9907807884186035,0.972783492969754
2005-04-15T15:12:50.0,1.79,97.19,2011-11-21T23:32:13.0,1.73,96.92,-1.2074265400924864,0.9618404687336818
2005-04-15T15:12:50.0,1.79,97.19,2014-03-19T07:36:03.0,1.74,97.08,1.2835130599343123,0.9738689945123703
2005-04-15T21:32:29.0,1.08,97.21,2005-05-12T02:29:19.0,1.12,97.23,-0.27677434298403,0.9426698488116989
2005-04-15T21:32:29.0,1.08,97.21,2005-07-06T22:41:57.0,1.12,97.2,-0.14517370073356256,0.9488563494044785
2005-04-15T21:32:29.0,1.08,97.21,2005-12-03T18:48:05.0,1.05,97.19,-0.5228350410015566,0.9784180413442262
2005-04-15T21:32:29.0,1.08,97.21,2006-10-09T13:45:14.0,1.11,97.14,-3.0218320692495184,0.967339677176682
2005-04-15T21:32:29.0,1.08,97.21,2008-07-02T14:55:10.0,1.12,97.07,-1.9389008230077147,0.9068649720781524
2005-04-15T21:37:02.0,2.28,96.33,2005-12-08T22:43:16.0,2.2,96.35,-0.9655471567982465,0.9038379412985659
2005-04-15T21:56:13.0,1.3,97.36,2005-04-27T05:02:05.0,1.12,97.21,-2.5013897301782846,0.9005890943823017
2005-04-15T21:56:13.0,1.3,97.36,2005-05-22T12:41:03.0,1.09,97.16,-0.15959841007943804,0.905305205460682
2005-04-15T21:56:13.0,1.3,97.36,2005-08-15T19:56:31.0,1.18,97.37,-4.919240950980328,0.907228689538872
2005-04-16T05:44:00.0,1.6,96.99,2005-09-07T09:44:00.0,1.59,97.01,-0.07748059407457894,0.9567050073994001
2005-04-16T05:44:00.0,1.6,96.99,2005-12-27T14:14:10.0,1.6,96.97,-1.0164510990064888,0.9459173430683997
2005-04-16T05:44:00.0,1.6,96.99,2010-04-08T20:28:11.0,1.59,96.93,-1.4878199936446592,0.9645080497085275
2005-04-16T10:07:27.0,0.87,97.02,2006-11-26T02:50:35.0,0.86,97.03,-3.019218699232134,0.9298288948341599
2005-04-16T10:07:27.0,0.87,97.02,2009-11-14T04:23:49.0,0.9,96.87,-0.5975628874879562,0.9357168099202975
2005-04-17T07:48:10.0,1.26,97.22,2008-05-18T02:59:59.0,1.23,97.05,-0.25169574155048635,0.9444099286536808
2005-04-17T07:48:10.0,1.26,97.22,2010-07-13T22:21:03.0,1.33,97.16,-0.6875952505161145,0.9407075332211392
2005-04-17T11:41:23.0,0.87,97.51,2005-10-15T07:44:04.0,0.86,97.45,-2.2305885546977904,0.9337781355654655
2005-04-18T17:29:18.0,2.47,97.02,2005-11-08T07:23:41.0,2.72,97.22,-0.9319446461534777,0.9153498287938875
2005-04-18T17:29:18.0,2.47,97.02,2010-04-24T11:08:30.0,2.52,96.96,-3.257567387119462,0.9229312953844397
2005-04-19T03:32:30.0,1.18,97.14,2005-09-08T14:41:51.0,1.19,97.17,0.030637411091102518,0.957824548467467
2005-04-19T03:32:30.0,1.18,97.14,2007-11-26T15:03:43.0,1.13,97.13,-4.198873809909502,0.9517939440050805
2005-04-19T03:32:30.0,1.18,97.14,2014-06-17T16:04:41.0,1.18,97.07,-1.3369902146049377,0.9474482219219756
2005-04-19T03:40:21.0,1.27,97.23,2007-11-26T15:18:32.0,1.23,97.21,-1.758362775011742,0.9103353816330513
2005-04-19T09:07:54.0,0.89,97.37,2005-07-11T16:20:47.0,0.85,97.38,0.633558833066977,0.9313431523438996
2005-04-20T00:30:32.0,2.19,96.36,2005-06-23T08:43:07.0,2.26,96.45,0.2836467352781917,0.9387953076030957
2005-04-20T00:30:32.0,2.19,96.36,2005-10-05T00:27:23.0,2.2,96.32,1.3052899162719303,0.9613949223437916
2005-04-20T00:30:32.0,2.19,96.36,2006-09-10T18:41:25.0,2.17,96.25,-1.6459805432269898,0.9837541488937336
2005-04-20T00:30:32.0,2.19,96.36,2007-10-26T22:45:15.0,2.42,96.6,-6.840834683394631,0.9179232260917248
2005-04-20T00:30:32.0,2.19,96.36,2013-07-09T01:05:39.0,2.11,96.27,0.16840805269779757,0.9693743684959847
2005-04-20T00:30:32.0,2.19,96.36,2014-06-01T18:31:43.0,2.16,96.16,0.6368674500181986,0.9192492358148386
2005-04-20T09:26:58.0,1.42,97.22,2005-06-05T04:49:02.0,1.28,96.99,3.4873137384933695,0.921294268046769
2005-04-20T09:26:58.0,1.42,97.22,2005-07-28T07:11:54.0,1.32,97.07,1.6675251640851352,0.9205584770882133
2005-04-20T09:26:58.0,1.42,97.22,2007-05-16T12:03:17.0,1.29,97.06,0.09021868585306908,0.9365439414650509
2005-04-20T09:26:58.0,1.42,97.22,2013-02-23T11:39:46.0,1.35,97.06,0.8659830436229103,0.9448959987875442
2005-04-22T03:14:32.0,1.62,97.12,2005-10-30T21:37:44.0,1.71,97.15,-0.7460596323215063,0.9315130795903851
2005-04-22T03:14:32.0,1.62,97.12,2007-04-13T12:20:52.0,1.69,97.05,-2.6084534821223877,0.9307690744722285
2005-04-22T03:14:32.0,1.62,97.12,2013-06-16T00:44:39.0,1.69,96.98,-2.2209313270072575,0.9020824846238141
2005-04-25T05:56:15.0,0.93,97.43,2005-05-15T16:31:49.0,0.89,97.4,2.2394515437590257,0.9630828524886971
2005-04-25T05:56:15.0,0.93,97.43,2005-07-01T16:57:43.0,0.89,97.37,2.3909845120154833,0.942017925563282
2005-04-25T05:56:15.0,0.93,97.43,2005-08-25T09:24:32.0,0.79,97.36,2.8181569681275107,0.9328338137741438
2005-04-25T05:56:15.0,0.93,97.43,2005-11-01T00:26:45.0,0.85,97.44,-0.3794135354628117,0.9567248420962475
2005-04-25T05:56:15.0,0.93,97.43,2007-05-02T01:55:41.0,0.84,97.41,-1.0090546160786278,0.9452552260410909
2005-04-25T22:58:02.0,2.24,96.28,2005-08-23T21:52:41.0,2.23,96.28,-0.736446383469101,0.923762770228367
2005-04-25T22:58:02.0,2.24,96.28,2005-12-12T12:36:46.0,2.21,96.23,-0.4713374759518612,0.9039458011652267
2005-04-25T22:58:02.0,2.24,96.28,2007-07-30T06:56:11.0,2.36,96.39,-6.857394763759632,0.9608546812081132
2005-04-25T22:58:02.0,2.24,96.28,2012-05-30T20:12:46.0,2.31,96.33,-2.4541018903547656,0.9528626518900011
2005-04-25T22:58:02.0,2.24,96.28,2016-01-04T21:09:02.0,2.27,96.26,-2.402060995197624,0.9378423363866729
2005-04-26T15:22:31.0,1.35,97.01,2005-06-21T04:19:31.0,1.4,97.2,-1.4025570276050894,0.9145650409074403
2005-04-26T17:18:21.0,1.32,97.21,2005-08-13T18:27:20.0,1.37,97.22,-0.43505710042565116,0.93166116480168
2005-04-27T05:02:05.0,1.12,97.21,2005-08-15T19:56:31.0,1.18,97.37,-2.4204121780292485,0.9243302456313889
2005-04-27T05:02:05.0,1.12,97.21,2009-04-11T00:03:30.0,1.07,97.05,1.3340172894925622,0.9100899287809413
2005-04-28T09:36:43.0,2.48,95.91,2005-10-31T19:33:46.0,2.42,95.88,1.2898686568132505,0.9321804907452558
2005-04-28T09:36:43.0,2.48,95.91,2010-06-06T20:44:06.0,2.45,95.81,-1.1227043485433845,0.917621420307986
2005-04-28T09:36:43.0,2.48,95.91,2013-11-13T22:36:04.0,2.42,95.79,-1.0232765668260995,0.9110029312768047
2005-04-28T12:54:40.0,1.39,97.12,2005-06-05T04:49:02.0,1.28,96.99,1.0308520952029163,0.9637045652762304
2005-04-28T12:54:40.0,1.39,97.12,2005-07-28T07:11:54.0,1.32,97.07,-0.7900166810445776,0.9484140848643562
2005-04-30T01:24:40.0,2.8,95.49,2007-07-05T13:00:13.0,2.69,95.49,-2.0815781417011134,0.9448186139149782
2005-04-30T01:24:40.0,2.8,95.49,2009-03-04T14:19:31.0,2.72,95.41,-0.40652579867356087,0.9617282048917669
2005-05-02T12:03:13.0,1.29,97.14,2005-06-27T17:14:21.0,1.27,97.13,-0.2605658959763755,0.9381372149866732
2005-05-02T15:02:38.0,1.63,97.0,2005-07-04T11:07:02.0,1.61,96.96,0.3381275422579841,0.95522257225002
2005-05-02T15:02:38.0,1.63,97.0,2005-09-21T07:23:39.0,1.62,97.0,-0.6074853097479028,0.9525879813325957
2005-05-02T15:02:38.0,1.63,97.0,2006-11-28T07:44:16.0,1.69,96.93,-3.8743393795949164,0.9518514925884207
2005-05-02T15:02:38.0,1.63,97.0,2009-03-19T02:32:41.0,1.58,96.79,-2.675277075504563,0.9732404660668811
2005-05-02T15:02:38.0,1.63,97.0,2010-07-03T01:57:53.0,1.48,96.83,-1.178925201401119,0.9492739733278498
2005-05-02T15:02:38.0,1.63,97.0,2013-09-26T20:09:31.0,1.6,96.86,-1.5033966667402598,0.9241610839962134
2005-05-04T00:44:48.0,3.05,96.41,2007-11-21T03:30:13.0,3.06,96.32,-2.3777812782160823,0.9149691486340592
2005-05-04T02:03:02.0,1.98,96.7,2010-04-18T05:15:13.0,1.94,96.75,-1.4405275089475427,0.9046760158000775
2005-05-04T11:57:05.0,2.87,96.19,2005-11-29T14:45:28.0,2.81,96.12,-1.4921688099173709,0.963104353079151
2005-05-04T11:57:05.0,2.87,96.19,2007-11-27T11:25:15.0,2.84,96.19,-2.336606799182344,0.9542207048896199
2005-05-04T12:24:28.0,1.08,97.43,2005-09-02T01:15:42.0,1.03,97.42,1.7689858678023096,0.9134028719921142
2005-05-06T10:08:16.0,1.31,97.25,2005-06-03T12:07:42.0,1.31,97.21,-0.2026575868513673,0.9427384208876978
2005-05-06T10:08:16.0,1.31,97.25,2008-07-22T12:27:56.0,1.34,97.19,-3.5730732823024125,0.9273106625875269
2005-05-06T10:08:16.0,1.31,97.25,2010-06-06T01:37:35.0,1.33,97.15,-2.240771459928841,0.9019060642643352
2005-05-06T10:08:16.0,1.31,97.25,2015-02-15T10:14:55.0,1.23,97.06,-1.562025367497882,0.926077016579675
2005-05-07T07:43:09.0,1.25,97.11,2005-07-03T18:13:19.0,1.3,97.1,-1.2096873081255084,0.9168063025524279
2005-05-07T07:43:09.0,1.25,97.11,2005-11-03T22:45:38.0,1.3,97.16,-1.512214640023733,0.9343326434758343
2005-05-07T07:43:09.0,1.25,97.11,2009-03-20T13:42:46.0,1.29,96.97,-1.5507210724794274,0.9185953683972651
2005-05-07T07:43:09.0,1.25,97.11,2010-08-12T23:46:56.0,1.25,97.01,-2.365543257152617,0.9119266528576577
2005-05-07T17:20:33.0,1.21,97.04,2015-10-18T14:49:13.0,1.33,97.05,-2.8810184497110987,0.9015950356567071
2005-05-08T08:00:21.0,1.65,96.94,2005-07-03T03:32:06.0,1.62,96.87,0.39324745981847836,0.9089237757844719
2005-05-08T08:00:21.0,1.65,96.94,2007-08-17T02:51:42.0,1.7,96.99,-2.762237562789376,0.9094735240141252
2005-05-08T08:00:21.0,1.65,96.94,2011-11-29T05:15:04.0,1.61,96.79,-1.4656552043871804,0.9400037761337687
2005-05-08T08:00:21.0,1.65,96.94,2013-08-07T06:23:57.0,1.62,96.81,-1.628141935608673,0.9361245688297188
2005-05-08T09:27:04.0,2.14,96.15,2005-09-27T16:52:19.0,2.26,96.25,-0.10951972031381738,0.9158888998436542
2005-05-08T09:27:04.0,2.14,96.15,2006-12-11T04:15:31.0,2.26,96.09,-1.5393488815719019,0.9257956437335818
2005-05-08T09:27:04.0,2.14,96.15,2010-02-23T13:24:11.0,2.2,96.15,-3.7936240848316634,0.9382756162953677
2005-05-09T00:11:59.0,1.55,96.98,2005-07-25T07:09:56.0,1.35,96.85,-0.479490471483618,0.9016133438157417
2005-05-12T02:29:19.0,1.12,97.23,2005-07-06T22:41:57.0,1.12,97.2,0.1262233220825157,0.9392825725148546
2005-05-12T02:29:19.0,1.12,97.23,2005-12-03T18:48:05.0,1.05,97.19,-0.24914882277656983,0.9572761364385832
2005-05-12T02:29:19.0,1.12,97.23,2006-10-09T13:45:14.0,1.11,97.14,-2.746186527634829,0.9155086074927672
2005-05-12T16:04:15.0,1.01,97.17,2005-10-05T08:46:21.0,1.01,97.17,5.817187148435295,0.9206357931636804
2005-05-12T16:04:15.0,1.01,97.17,2006-10-12T05:30:20.0,1.01,97.17,1.4021986605631018,0.9331418376887658
2005-05-12T16:04:15.0,1.01,97.17,2007-12-28T05:23:54.0,1.01,97.17,5.609975327661041,0.9197774717653394
2005-05-12T16:04:15.0,1.01,97.17,2010-06-03T09:23:47.0,1.01,97.17,3.8193379376158982,0.9418928748907617
2005-05-12T17:36:05.0,1.1,97.2,2005-07-10T07:38:48.0,1.13,97.17,1.021822753689025,0.9131001339821463
2005-05-12T17:36:05.0,1.1,97.2,2005-12-30T20:00:29.0,1.07,97.16,1.79315522187031,0.9278606480191398
2005-05-12T17:36:05.0,1.1,97.2,2008-10-11T12:32:32.0,1.15,97.3,-4.194170038168029,0.9052050274305937
2005-05-12T18:18:44.0,1.1,97.2,2005-11-27T02:20:35.0,1.11,97.28,-3.569265706657686,0.9066963786010793
2005-05-12T18:18:44.0,1.1,97.2,2008-12-08T08:53:16.0,1.1,97.0,-1.8358945142338428,0.9206266023244716
2005-05-15T16:31:49.0,0.89,97.4,2005-07-01T16:57:43.0,0.89,97.37,0.15234840662924712,0.9478954597299963
2005-05-15T16:31:49.0,0.89,97.4,2005-08-25T09:24:32.0,0.79,97.36,0.5797723766304115,0.9221337271002584
2005-05-15T16:31:49.0,0.89,97.4,2005-11-01T00:26:45.0,0.85,97.44,-2.617909333890677,0.9659830545260317
2005-05-15T16:31:49.0,0.89,97.4,2007-05-02T01:55:41.0,0.84,97.41,-3.24802913852659,0.9577169295605791
2005-05-15T16:31:49.0,0.89,97.4,2008-05-18T13:42:21.0,0.87,97.25,-2.8209314818974516,0.9188982906614994
2005-05-16T04:39:36.0,1.12,97.24,2005-09-17T10:33:22.0,1.1,97.28,-2.2791875164348614,0.9276559129192737
2005-05-16T04:39:36.0,1.12,97.24,2014-02-22T11:45:37.0,1.1,97.08,-1.0672308382871756,0.9378401519981787
2005-05-17T18:20:29.0,1.95,96.65,2010-04-07T05:05:10.0,2.05,96.7,-1.7867722645178645,0.9177355454689042
2005-05-17T18:20:29.0,1.95,96.65,2010-04-09T15:59:14.0,2.04,96.62,-2.7009916450037426,0.9029614632459038
2005-05-19T07:00:57.0,1.2,97.18,2008-06-25T23:48:12.0,1.21,97.14,-0.2981928436902936,0.9085210778139415
2005-05-20T01:23:55.0,3.45,95.01,2008-01-06T00:29:36.0,3.45,95.01,-0.4161903540510795,0.927802557315272
2005-05-20T01:23:55.0,3.45,95.01,2011-10-26T20:49:59.0,3.45,95.01,0.048182284239639744,0.9006669691605483
2005-05-20T01:23:55.0,3.45,95.01,2013-12-25T05:57:21.0,3.45,95.01,-0.4223651654919255,0.9315028664181227
2005-05-21T04:29:04.0,1.89,97.87,2007-08-16T03:31:47.0,2.01,97.86,-4.400278862838276,0.9570382334484949
2005-05-21T04:29:04.0,1.89,97.87,2012-10-15T11:33:40.0,1.97,97.83,-2.741472709310189,0.9474593945357518
2005-05-23T05:48:15.0,0.82,97.48,2005-12-04T14:09:21.0,0.82,97.5,0.6428924995428559,0.9560014407959277
2005-05-23T05:48:15.0,0.82,97.48,2006-11-02T09:25:11.0,0.82,97.46,-2.4084989604831333,0.906555625825591
2005-05-23T05:48:15.0,0.82,97.48,2011-03-19T02:33:46.0,0.79,97.4,-1.8360838082622395,0.9466105599965031
2005-05-23T14:45:24.0,1.01,97.17,2009-01-05T14:43:03.0,1.01,97.17,0.3615754003115592,0.9680164013536664
2005-05-23T14:45:24.0,1.01,97.17,2011-08-24T02:38:25.0,1.01,97.17,0.11107601577190922,0.9691228704382299
2005-05-27T00:30:43.0,0.87,97.37,2005-07-11T16:20:47.0,0.85,97.38,-0.3307885960568123,0.9185134779076615
2005-05-27T05:27:44.0,1.06,97.21,2005-09-25T10:04:25.0,1.05,97.18,-0.7723765687864482,0.9288981774402953
2005-05-28T16:03:37.0,0.45,98.47,2013-05-25T07:19:46.0,0.51,98.53,-2.2014135716121315,0.9542255797683356
2005-05-30T09:02:33.0,1.1,97.2,2005-08-02T07:15:44.0,1.13,97.23,-1.8246757877487576,0.9104221259543729
2005-05-30T19:23:08.0,2.58,95.88,2010-04-04T12:43:14.0,2.56,95.83,-2.1210153071851283,0.9624566047069196
2005-05-30T19:23:08.0,2.58,95.88,2012-05-20T16:11:37.0,2.54,95.88,-3.9494906104473095,0.9343946948680041
2005-06-03T02:11:17.0,1.28,97.05,2008-03-29T09:39:07.0,1.31,97.17,-5.9074953769165415,0.9376112163935754
2005-06-03T02:11:17.0,1.28,97.05,2009-11-01T19:02:15.0,1.32,97.01,-2.771475662697571,0.9390487725759264
2005-06-03T02:11:17.0,1.28,97.05,2010-08-28T01:18:07.0,1.3,97.02,-3.1145732749919857,0.9127018262806993
2005-06-03T12:07:42.0,1.31,97.21,2008-07-22T12:27:56.0,1.34,97.19,-3.371944373776248,0.9527812834187495
2005-06-03T12:07:42.0,1.31,97.21,2010-06-06T01:37:35.0,1.33,97.15,-2.0406476077270406,0.9191378913562919
2005-06-03T12:07:42.0,1.31,97.21,2015-02-15T10:14:55.0,1.23,97.06,-1.3606224309440604,0.9578703105042303
2005-06-04T10:33:59.0,2.22,96.78,2010-10-07T17:55:48.0,2.2,96.68,0.1440164236445256,0.9077705854955048
2005-06-05T04:49:02.0,1.28,96.99,2005-07-28T07:11:54.0,1.32,97.07,-1.8195523523372006,0.9677049164648686
2005-06-05T04:49:02.0,1.28,96.99,2005-10-18T11:22:09.0,1.4,97.11,-1.913598099903108,0.9334978847712434
2005-06-05T04:49:02.0,1.28,96.99,2007-05-16T12:03:17.0,1.29,97.06,-3.3951521046977144,0.9414079271105451
2005-06-05T04:49:02.0,1.28,96.99,2013-02-23T11:39:46.0,1.35,97.06,-2.6228116187229715,0.9279159126071548
2005-06-09T10:59:33.0,1.7,97.72,2007-11-27T05:04:39.0,2.02,97.82,-7.308828208472006,0.9754583164522174
2005-06-16T07:37:53.0,1.23,97.15,2013-11-19T20:22:46.0,1.29,97.11,-3.964033132321737,0.9201651463280047
2005-06-16T21:15:42.0,1.07,97.13,2005-11-25T03:06:01.0,1.1,97.14,0.6133136912049001,0.9514987750281911
2005-06-16T21:15:42.0,1.07,97.13,2007-05-04T01:16:04.0,1.08,97.13,-4.294855517412891,0.9125299285151183
2005-06-16T21:15:42.0,1.07,97.13,2009-02-26T00:03:32.0,1.12,96.92,-1.521374778899458,0.9152617291598795
2005-06-16T21:15:42.0,1.07,97.13,2011-11-18T03:46:00.0,1.17,97.19,-2.282681719855201,0.9353905676626624
2005-06-18T04:06:49.0,1.1,97.22,2005-11-27T02:20:35.0,1.11,97.28,0.109047615355088,0.9224039167714261
2005-06-18T04:06:49.0,1.1,97.22,2008-12-08T08:53:16.0,1.1,97.0,1.8440487994459258,0.916872982215033
2005-06-20T07:38:33.0,2.28,96.37,2015-09-09T12:41:46.0,2.27,96.35,-1.3380953100796111,0.9399030209766955
2005-06-20T19:17:04.0,2.63,95.94,2008-07-02T10:09:53.0,2.61,95.97,-5.73926629202709,0.9065848911867187
2005-06-21T04:19:31.0,1.4,97.2,2005-08-06T10:44:11.0,1.31,97.05,-0.2744396103891802,0.9324886393258212
2005-06-21T06:48:41.0,2.56,95.75,2008-12-05T13:51:52.0,2.71,95.83,-5.069126767930555,0.9109356952040811
2005-06-23T03:25:20.0,1.01,97.17,2015-06-01T14:07:23.0,1.01,97.17,3.433572326268849,0.9474253573670195
2005-06-23T08:43:07.0,2.26,96.45,2005-10-05T00:27:23.0,2.2,96.32,1.0206133155078754,0.9016980688811864
2005-06-23T08:43:07.0,2.26,96.45,2006-09-10T18:41:25.0,2.17,96.25,-1.9307680481696121,0.9397111271172114
2005-06-23T08:43:07.0,2.26,96.45,2007-10-26T22:45:15.0,2.42,96.6,-7.130240842728322,0.9227052695538469
2005-06-23T08:43:07.0,2.26,96.45,2013-07-09T01:05:39.0,2.11,96.27,-0.11864017941283933,0.9132316498593814
2005-06-23T08:43:07.0,2.26,96.45,2014-06-01T18:31:43.0,2.16,96.16,0.35084767253613025,0.9069586431396378
2005-06-24T21:44:54.0,1.01,97.17,2009-03-12T10:04:53.0,1.01,97.17,-0.10757275465382148,0.9482860328156938
2005-06-27T17:14:21.0,1.27,97.13,2007-05-18T00:12:59.0,1.28,97.13,-4.510173522511773,0.9035358975404973
2005-06-27T17:14:21.0,1.27,97.13,2010-07-13T04:24:42.0,1.28,97.15,-3.427372370717107,0.9353542499202242
2005-07-01T16:57:43.0,0.89,97.37,2005-11-01T00:26:45.0,0.85,97.44,-2.7700044222633324,0.9488997450482046
2005-07-01T16:57:43.0,0.89,97.37,2007-05-02T01:55:41.0,0.84,97.41,-3.3988980193070244,0.9433564151938967
2005-07-01T16:57:43.0,0.89,97.37,2008-05-18T13:42:21.0,0.87,97.25,-2.9708135968646294,0.9170759890888804
2005-07-03T03:32:06.0,1.62,96.87,2011-11-29T05:15:04.0,1.61,96.79,-1.8584271781092792,0.9171552167397243
2005-07-03T03:32:06.0,1.62,96.87,2013-08-07T06:23:57.0,1.62,96.81,-2.023048652863708,0.922706734092383
2005-07-03T13:35:25.0,2.13,96.77,2011-12-21T05:23:50.0,2.13,96.77,0.11301650001606503,0.9719329196498725
2005-07-04T04:46:47.0,1.94,96.64,2005-11-27T08:18:48.0,1.94,96.71,0.18880042974702121,0.9804179758339653
2005-07-04T04:46:47.0,1.94,96.64,2007-10-31T21:23:49.0,2.04,96.74,-4.209781022510425,0.9767163136613219
2005-07-04T04:46:47.0,1.94,96.64,2009-02-13T13:45:37.0,2.0,96.69,-2.2472783202768345,0.955625934079578
2005-07-04T04:46:47.0,1.94,96.64,2010-08-02T18:50:53.0,1.9,96.6,-1.397342113448966,0.9278569575820479
2005-07-04T04:46:47.0,1.94,96.64,2013-09-26T18:24:10.0,2.03,96.68,-1.9694283592546895,0.9848763515036005
2005-07-04T04:46:47.0,1.94,96.64,2015-11-05T09:44:33.0,1.98,96.65,-2.322250196562427,0.9472726437771269
2005-07-04T11:07:02.0,1.61,96.96,2005-09-21T07:23:39.0,1.62,97.0,-0.945533542570943,0.9662986444290894
2005-07-04T11:07:02.0,1.61,96.96,2006-11-28T07:44:16.0,1.69,96.93,-4.213079763832024,0.9578427108088959
2005-07-04T11:07:02.0,1.61,96.96,2009-03-19T02:32:41.0,1.58,96.79,-3.0136387745312034,0.9776771576462377
2005-07-04T11:07:02.0,1.61,96.96,2010-07-03T01:57:53.0,1.48,96.83,-1.517578622956155,0.9613258949547203
2005-07-04T11:07:02.0,1.61,96.96,2013-09-26T20:09:31.0,1.6,96.86,-1.8393015591235433,0.9386130215438083
2005-07-06T22:41:57.0,1.12,97.2,2005-12-03T18:48:05.0,1.05,97.19,-0.3768297996462291,0.9746378020136948
2005-07-06T22:41:57.0,1.12,97.2,2006-10-09T13:45:14.0,1.11,97.14,-2.877146329182585,0.9329490336512413
2005-07-06T22:41:57.0,1.12,97.2,2008-07-02T14:55:10.0,1.12,97.07,-1.7937795885490613,0.9218893875669691
2005-07-06T22:41:57.0,1.12,97.2,2011-03-29T06:59:35.0,1.11,97.07,-2.0478359310770116,0.9193778567355992
2005-07-10T07:38:48.0,1.13,97.17,2005-09-23T05:18:50.0,1.04,97.27,-1.4417216589361261,0.9000890759252003
2005-07-10T07:38:48.0,1.13,97.17,2005-12-30T20:00:29.0,1.07,97.16,0.7698582109406986,0.9276528496486626
2005-07-10T22:50:46.0,3.08,94.52,2011-10-27T09:13:24.0,3.08,94.52,-0.6459225933945455,0.9339221603455555
2005-07-11T16:20:47.0,0.85,97.38,2009-12-16T21:49:20.0,0.86,97.26,-1.9392727153706137,0.9072272123202137
2005-07-12T03:54:58.0,1.85,97.05,2008-07-31T15:16:55.0,1.79,97.09,-1.7021126519295513,0.9010231803042882
2005-07-13T03:16:23.0,2.07,96.63,2010-01-23T16:35:20.0,2.21,96.74,-2.8247933956917937,0.909751119529263
2005-07-13T09:40:00.0,2.48,95.71,2005-12-27T01:54:35.0,2.57,95.79,0.11653884106204362,0.9073313485517799
2005-07-13T09:40:00.0,2.48,95.71,2010-01-16T01:39:19.0,2.59,95.85,-0.6642591227043724,0.9151633493613054
2005-07-13T09:40:00.0,2.48,95.71,2012-08-07T02:26:28.0,2.52,95.8,-0.4834751736154327,0.9171401950902709
2005-07-23T22:53:21.0,1.01,97.17,2006-09-16T06:17:32.0,1.01,97.17,0.44616840038595906,0.9875330323973444
2005-07-23T22:53:21.0,1.01,97.17,2010-09-30T09:53:55.0,1.01,97.17,0.4021488627271886,0.9837693646373749
2005-07-27T17:35:01.0,1.01,97.17,2007-05-21T14:08:51.0,1.01,97.17,0.3440605688052713,0.9878849112601437
2005-07-28T02:43:57.0,2.69,95.62,2009-03-22T19:23:42.0,2.71,95.57,-3.635772308601167,0.9208860009546654
2005-07-28T07:11:54.0,1.32,97.07,2005-10-18T11:22:09.0,1.4,97.11,-0.09431700405675636,0.9286763419137326
2005-07-28T07:11:54.0,1.32,97.07,2007-05-16T12:03:17.0,1.29,97.06,-1.5743384654475128,0.9348868350323192
2005-07-28T07:11:54.0,1.32,97.07,2013-02-23T11:39:46.0,1.35,97.06,-0.8036819003357252,0.9282750386158525
2005-08-13T18:27:20.0,1.37,97.22,2011-02-20T14:32:23.0,1.32,97.17,-2.753581691119917,0.9651078455840503
2005-08-15T19:56:31.0,1.18,97.37,2009-04-11T00:03:30.0,1.07,97.05,3.7542108753190373,0.9206739767869856
2005-08-16T22:32:57.0,2.52,95.78,2011-12-02T08:07:39.0,2.55,95.78,-1.4720665949498166,0.9111585136475125
2005-08-19T11:33:58.0,1.11,97.1,2005-11-25T03:06:01.0,1.1,97.14,1.885293013406924,0.9166340285396921
2005-08-19T11:33:58.0,1.11,97.1,2007-05-04T01:16:04.0,1.08,97.13,-3.034138211959649,0.943617031364062
2005-08-19T11:33:58.0,1.11,97.1,2011-11-18T03:46:00.0,1.17,97.19,-1.0142798473910268,0.9380430837364324
2005-08-19T18:32:22.0,1.97,96.68,2011-01-17T12:23:10.0,1.96,96.65,-2.840909601739534,0.9073959582327759
2005-08-23T21:52:41.0,2.23,96.28,2005-12-12T12:36:46.0,2.21,96.23,0.2563626639310618,0.9218215376715578
2005-08-23T21:52:41.0,2.23,96.28,2007-07-30T06:56:11.0,2.36,96.39,-6.123972468229844,0.9212726714602736
2005-08-23T21:52:41.0,2.23,96.28,2012-05-30T20:12:46.0,2.31,96.33,-1.718984848193241,0.9574519428810556
2005-08-23T21:52:41.0,2.23,96.28,2016-01-04T21:09:02.0,2.27,96.26,-1.6700651791807006,0.9514177801377485
2005-08-25T09:24:32.0,0.79,97.36,2005-11-01T00:26:45.0,0.85,97.44,-3.1974605649640364,0.9400040856597801
2005-08-25T09:24:32.0,0.79,97.36,2007-05-02T01:55:41.0,0.84,97.41,-3.8280582673190553,0.9291835104977134
2005-08-25T16:47:38.0,3.45,95.01,2008-01-06T00:29:36.0,3.45,95.01,-0.5565149851870348,0.9043503250544725
2005-08-28T04:43:31.0,1.01,97.17,2005-10-05T08:46:21.0,1.01,97.17,6.874087967931586,0.9096929742928227
2005-09-04T07:35:18.0,1.25,97.18,2006-10-21T11:53:04.0,1.2,97.07,-2.350021585813919,0.9717324997276603
2005-09-04T07:35:18.0,1.25,97.18,2015-08-13T19:32:37.0,1.27,97.06,-1.1315497124931921,0.9290618255376302
2005-09-07T09:44:00.0,1.59,97.01,2005-12-27T14:14:10.0,1.6,96.97,-0.9389738383915819,0.9559600413102348
2005-09-07T09:44:00.0,1.59,97.01,2010-04-08T20:28:11.0,1.59,96.93,-1.410761901680734,0.9619737511743442
2005-09-08T14:41:51.0,1.19,97.17,2007-11-26T15:03:43.0,1.13,97.13,-4.227570092477338,0.9702483492949144
2005-09-08T14:41:51.0,1.19,97.17,2014-06-17T16:04:41.0,1.18,97.07,-1.3666492490582471,0.97147105720225
2005-09-09T05:39:01.0,1.32,97.14,2005-11-18T04:18:15.0,1.19,97.16,0.8561672742526623,0.9455713567904601
2005-09-09T05:39:01.0,1.32,97.14,2007-05-18T00:12:59.0,1.28,97.13,-4.683818768438533,0.9737364508144413
2005-09-10T16:57:30.0,1.01,97.17,2008-12-21T13:47:33.0,1.01,97.17,0.3463278862313794,0.9497738789589446
2005-09-16T23:14:26.0,2.57,95.46,2008-03-12T11:51:09.0,2.67,95.51,-4.757594900605719,0.9517754149941425
2005-09-16T23:14:26.0,2.57,95.46,2009-11-22T19:45:52.0,2.69,95.51,-2.154387489323875,0.978466542625752
2005-09-17T10:33:22.0,1.1,97.28,2014-02-22T11:45:37.0,1.1,97.08,1.2126979483072373,0.9175354520086515
2005-09-21T07:23:39.0,1.62,97.0,2006-11-28T07:44:16.0,1.69,96.93,-3.2661384171245986,0.9421108455604545
2005-09-21T07:23:39.0,1.62,97.0,2009-03-19T02:32:41.0,1.58,96.79,-2.0676785258067834,0.9731961436525631
2005-09-21T07:23:39.0,1.62,97.0,2010-07-03T01:57:53.0,1.48,96.83,-0.5712573088148672,0.9573110006261737
2005-09-21T07:23:39.0,1.62,97.0,2013-09-26T20:09:31.0,1.6,96.86,-0.8937202338822415,0.9329819347353192
2005-09-23T05:18:50.0,1.04,97.27,2005-12-30T20:00:29.0,1.07,97.16,2.211053656024926,0.9204309642168049
2005-09-23T05:18:50.0,1.04,97.27,2008-10-11T12:32:32.0,1.15,97.3,-3.7766713712507705,0.9117707183657574
2005-09-27T16:52:19.0,2.26,96.25,2006-12-11T04:15:31.0,2.26,96.09,-1.4284521794620204,0.9700708895136526
2005-09-27T16:52:19.0,2.26,96.25,2010-02-23T13:24:11.0,2.2,96.15,-3.685942374982221,0.9790809632537112
2005-09-27T16:52:19.0,2.26,96.25,2013-01-01T20:05:00.0,2.19,96.07,-1.6549626893871596,0.9067456459984744
2005-09-28T11:54:15.0,2.4,97.1,2010-04-08T02:59:56.0,2.41,97.14,-0.25251069612170746,0.953828308890735
2005-09-28T11:54:15.0,2.4,97.1,2010-08-13T03:42:31.0,2.4,97.1,0.10271521880040627,0.9533943399328763
2005-09-29T18:12:16.0,1.01,97.17,2007-12-28T05:23:54.0,1.01,97.17,6.151932850942343,0.9670492537898644
2005-10-05T00:27:23.0,2.2,96.32,2006-09-10T18:41:25.0,2.17,96.25,-2.950945234701727,0.9759481620063863
2005-10-05T00:27:23.0,2.2,96.32,2013-07-09T01:05:39.0,2.11,96.27,-1.136242747313155,0.9826548509075937
2005-10-07T09:15:34.0,1.72,97.05,2006-03-26T00:01:34.0,1.68,97.07,-2.1199171459460113,0.9186652294470788
2005-10-07T09:15:34.0,1.72,97.05,2006-11-22T02:56:50.0,1.7,97.1,-4.156653424616826,0.9633577311324847
2005-10-07T09:15:34.0,1.72,97.05,2011-11-21T23:32:13.0,1.73,96.92,-3.3745908651783134,0.9535921972808091
2005-10-07T09:15:34.0,1.72,97.05,2014-03-19T07:36:03.0,1.74,97.08,-0.8825956970086497,0.9652475731271843
2005-10-09T22:28:18.0,2.03,97.88,2012-04-06T06:28:39.0,2.01,97.87,-1.7001524058570132,0.9057107248328132
2005-10-09T22:28:18.0,2.03,97.88,2014-10-30T00:02:27.0,2.02,97.87,-2.5225376532257857,0.9103415182805608
2005-10-11T15:05:22.0,1.01,97.17,2007-11-22T23:01:53.0,1.01,97.17,-0.023338781246773667,0.922368520086285
2005-10-11T15:05:22.0,1.01,97.17,2013-01-10T13:46:45.0,1.01,97.17,0.44674896057529,0.9683186417329397
2005-10-15T07:44:04.0,0.86,97.45,2006-03-02T22:37:08.0,0.77,97.35,0.08386057780246392,0.9670548891108284
2005-10-18T11:22:09.0,1.4,97.11,2007-05-16T12:03:17.0,1.29,97.06,-1.4832164914110448,0.9025230329648778
2005-10-18T11:22:09.0,1.4,97.11,2013-02-23T11:39:46.0,1.35,97.06,-0.711185139883753,0.9079657001778556
2005-10-21T04:30:52.0,1.97,96.65,2010-10-11T17:15:31.0,2.01,96.62,-1.0974881572165784,0.9590542940070285
2005-10-21T04:30:52.0,1.97,96.65,2012-01-28T15:07:53.0,2.08,96.59,-1.0622648526414689,0.9616883858875307
2005-10-30T21:37:44.0,1.71,97.15,2007-04-13T12:20:52.0,1.69,97.05,-1.859392876357484,0.9863668217700093
2005-10-30T21:37:44.0,1.71,97.15,2013-06-16T00:44:39.0,1.69,96.98,-1.4746000533301005,0.9765368257514497
2005-10-31T19:33:46.0,2.42,95.88,2008-08-07T21:27:35.0,2.41,95.84,-4.558047421318492,0.919500014138415
2005-10-31T19:33:46.0,2.42,95.88,2010-06-06T20:44:06.0,2.45,95.81,-2.4161222375424742,0.9185419312559842
2005-10-31T19:33:46.0,2.42,95.88,2013-11-13T22:36:04.0,2.42,95.79,-2.31368033761943,0.9402764285720977
2005-11-01T00:26:45.0,0.85,97.44,2006-02-05T06:13:37.0,0.8,97.37,-1.082602281442525,0.916746713615713
2005-11-01T00:26:45.0,0.85,97.44,2006-08-07T18:29:23.0,0.87,97.39,-1.6985493285293813,0.926555703254913
2005-11-01T00:26:45.0,0.85,97.44,2007-05-02T01:55:41.0,0.84,97.41,-0.6297883461356031,0.9583605979539818
2005-11-01T00:26:45.0,0.85,97.44,2008-05-18T13:42:21.0,0.87,97.25,-0.20210451456874212,0.9127635630669648
2005-11-03T22:45:38.0,1.3,97.16,2009-03-20T13:42:46.0,1.29,96.97,-0.03883212863942642,0.9256948580214547
2005-11-03T22:45:38.0,1.3,97.16,2010-08-12T23:46:56.0,1.25,97.01,-0.848613388134177,0.9000561715221388
2005-11-08T07:23:41.0,2.72,97.22,2010-04-24T11:08:30.0,2.52,96.96,-2.3217362153897616,0.9897448703481113
2005-11-12T18:54:11.0,1.9,97.11,2012-08-10T04:41:42.0,1.89,96.97,-1.7428502569395072,0.9891420234227297
2005-11-12T22:38:39.0,1.33,97.18,2008-05-18T02:59:59.0,1.23,97.05,-2.1297653740672886,0.909117573359392
2005-11-12T22:38:39.0,1.33,97.18,2010-07-13T22:21:03.0,1.33,97.16,-2.5658713971664255,0.9119406675051203
2005-11-18T04:18:15.0,1.19,97.16,2007-05-18T00:12:59.0,1.28,97.13,-5.5414269906748865,0.9295249241001882
2005-11-22T09:11:44.0,1.72,97.69,2008-02-12T16:17:17.0,1.89,97.87,-5.315431021976842,0.9035089796794993
2005-11-25T03:06:01.0,1.1,97.14,2007-05-04T01:16:04.0,1.08,97.13,-4.910581749305712,0.9485978068672252
2005-11-25T03:06:01.0,1.1,97.14,2009-02-26T00:03:32.0,1.12,96.92,-2.1349061691677234,0.9253739981341121
2005-11-25T03:06:01.0,1.1,97.14,2011-11-18T03:46:00.0,1.17,97.19,-2.897488505435954,0.9507731204498203
2005-11-27T02:20:35.0,1.11,97.28,2008-12-08T08:53:16.0,1.1,97.0,1.7339313396341018,0.9232325728642814
2005-11-27T08:18:48.0,1.94,96.71,2007-10-31T21:23:49.0,2.04,96.74,-4.399660392662446,0.9890937126815482
2005-11-27T08:18:48.0,1.94,96.71,2009-02-13T13:45:37.0,2.0,96.69,-2.4357195108242036,0.9424501565538249
2005-11-27T08:18:48.0,1.94,96.71,2010-08-02T18:50:53.0,1.9,96.6,-1.587302872622844,0.9155012113602516
2005-11-27T08:18:48.0,1.94,96.71,2013-09-26T18:24:10.0,2.03,96.68,-2.1575201236849937,0.988660507565311
2005-11-27T08:18:48.0,1.94,96.71,2015-11-05T09:44:33.0,1.98,96.65,-2.510947820316372,0.9331249692675971
2005-11-29T09:12:04.0,1.39,97.13,2011-09-04T22:08:06.0,1.34,96.93,-0.034291979255720584,0.9456181490113379
2005-11-29T14:45:28.0,2.81,96.12,2007-11-27T11:25:15.0,2.84,96.19,-0.8456743249864704,0.9604788734731008
2005-12-03T15:40:01.0,0.3,98.59,2010-06-26T01:18:06.0,0.33,98.59,-5.5837507239533215,0.9163389320800948
2005-12-03T18:48:05.0,1.05,97.19,2006-10-09T13:45:14.0,1.11,97.14,-2.499500452914248,0.9619882829074127
2005-12-03T18:48:05.0,1.05,97.19,2008-07-02T14:55:10.0,1.12,97.07,-1.415981671095707,0.9289949083648599
2005-12-03T18:48:05.0,1.05,97.19,2011-03-29T06:59:35.0,1.11,97.07,-1.6711915353621956,0.9112496493382486
2005-12-04T14:09:21.0,0.82,97.5,2011-03-19T02:33:46.0,0.79,97.4,-2.4826314540448355,0.9687686612641369
2005-12-12T12:36:46.0,2.21,96.23,2006-05-17T11:34:14.0,2.24,96.37,-4.435084799069131,0.9316868096844079
2005-12-12T12:36:46.0,2.21,96.23,2007-07-30T06:56:11.0,2.36,96.39,-6.3893404882776,0.9257962435969167
2005-12-12T12:36:46.0,2.21,96.23,2010-03-18T00:04:40.0,2.21,96.27,-0.8846635949048745,0.9002506904318757
2005-12-12T12:36:46.0,2.21,96.23,2012-05-30T20:12:46.0,2.31,96.33,-1.979847609718483,0.9178839109463313
2005-12-12T12:36:46.0,2.21,96.23,2016-01-04T21:09:02.0,2.27,96.26,-1.9300536864207443,0.9549038558782537
2005-12-25T02:49:15.0,1.3,97.09,2007-08-04T18:29:41.0,1.32,97.26,-2.3854183517098675,0.9225717540389935
2005-12-25T02:49:15.0,1.3,97.09,2014-07-12T06:30:31.0,1.26,97.07,-1.8246064974187763,0.9432826088642823
2005-12-27T01:54:35.0,2.57,95.79,2008-04-10T03:14:30.0,2.56,95.81,-0.7455099793926547,0.9026908642119754
2005-12-27T01:54:35.0,2.57,95.79,2010-01-16T01:39:19.0,2.59,95.85,-0.7814590164011682,0.9216538812373238
2005-12-27T01:54:35.0,2.57,95.79,2010-10-10T14:56:30.0,2.54,95.75,-0.9600775872879386,0.9109573455339078
2005-12-27T01:54:35.0,2.57,95.79,2012-08-07T02:26:28.0,2.52,95.8,-0.6002961377697578,0.9396099882654401
2005-12-27T01:54:35.0,2.57,95.79,2016-02-17T22:22:48.0,2.53,95.76,-1.0289280379017127,0.905696895771176
2005-12-27T14:14:10.0,1.6,96.97,2010-04-08T20:28:11.0,1.59,96.93,-0.4719970412597404,0.9558084325811869
2005-12-30T20:00:29.0,1.07,97.16,2008-10-11T12:32:32.0,1.15,97.3,-5.985197048482573,0.9558811951186548
2005-12-30T20:00:29.0,1.07,97.16,2015-01-14T22:08:30.0,1.08,97.12,-1.8463814347897305,0.9324510974265773
2006-01-05T18:01:52.0,1.25,97.02,2008-03-29T09:39:07.0,1.31,97.17,-3.747758861202576,0.931451248728926
2006-01-05T18:01:52.0,1.25,97.02,2009-11-01T19:02:15.0,1.32,97.01,-0.609893484894628,0.9338872548405798
2006-01-05T18:01:52.0,1.25,97.02,2010-08-28T01:18:07.0,1.3,97.02,-0.9525842641761679,0.9242144357376599
2006-01-06T02:25:10.0,2.03,96.81,2011-01-17T12:23:10.0,1.96,96.65,2.774653248801528,0.9001008202247383
2006-01-06T07:06:48.0,1.31,97.29,2008-07-22T12:27:56.0,1.34,97.19,0.11433597061271794,0.9429933580548444
2006-01-18T01:46:20.0,1.91,97.06,2010-04-14T01:58:31.0,1.86,96.92,3.0000722184675923,0.9078033748468013
2006-01-26T14:27:54.0,1.95,96.74,2010-07-21T16:05:35.0,1.91,96.62,0.869860011039463,0.9690863853775904
2006-02-05T06:13:37.0,0.8,97.37,2007-05-02T01:55:41.0,0.84,97.41,0.4533473791221819,0.9010904455936725
2006-02-07T19:24:46.0,2.16,96.27,2007-10-26T22:45:15.0,2.42,96.6,-6.608580902697879,0.9667988092324443
2006-02-08T09:08:34.0,2.53,95.77,2010-04-26T12:02:34.0,2.45,95.73,1.1353045723090174,0.9080983189468186
2006-02-12T11:31:16.0,1.24,97.19,2006-08-25T13:30:10.0,1.31,97.28,-1.548375510199491,0.926430157903333
2006-03-11T16:22:10.0,2.62,95.9,2010-04-04T12:43:14.0,2.56,95.83,0.2719468396781737,0.9636361092472483
2006-03-11T16:22:10.0,2.62,95.9,2015-12-20T02:48:01.0,2.52,95.88,0.7341500262426888,0.9837410286429492
2006-03-12T19:44:52.0,1.65,97.12,2007-04-24T05:55:30.0,1.64,97.15,0.1396429484225618,0.9631105630933964
2006-04-13T13:53:28.0,1.84,97.7,2007-11-27T05:04:39.0,2.02,97.82,-1.639565700214312,0.9684544627735543
2006-04-19T19:51:04.0,1.55,96.93,2009-03-19T02:32:41.0,1.58,96.79,-0.7317133927643524,0.9830077399797482
2006-04-19T19:51:04.0,1.55,96.93,2010-07-03T01:57:53.0,1.48,96.83,0.7644311747175445,0.9631878648878794
2006-05-07T11:41:32.0,1.64,96.81,2007-08-17T02:51:42.0,1.7,96.99,-0.4019192695329217,0.9257947798737359
2006-05-07T11:41:32.0,1.64,96.81,2013-08-07T06:23:57.0,1.62,96.81,0.7306618592482114,0.9295550923516964
2006-05-09T03:25:25.0,1.31,97.17,2007-04-11T06:41:54.0,1.28,97.2,0.9707796212710175,0.9337031760001466
2006-05-17T09:55:24.0,0.1,97.06,2009-12-07T22:40:29.0,0.12,97.09,-1.2781681534665623,0.9035212319673173
2006-05-17T11:34:14.0,2.24,96.37,2007-07-30T06:56:11.0,2.36,96.39,-1.959121699822516,0.9380978837439592
2006-05-17T11:34:14.0,2.24,96.37,2010-03-18T00:04:40.0,2.21,96.27,3.547302309962699,0.9411705951180156
2006-05-17T11:34:14.0,2.24,96.37,2012-05-30T20:12:46.0,2.31,96.33,2.448945698629829,0.9158688662997383
2006-05-17T11:34:14.0,2.24,96.37,2016-01-04T21:09:02.0,2.27,96.26,2.500606125309086,0.9336541053375786
2006-05-18T04:02:36.0,1.11,97.18,2008-06-08T19:50:43.0,1.14,97.11,1.0945188478535743,0.9168576544843074
2006-06-06T23:01:54.0,1.19,97.14,2007-11-26T15:03:43.0,1.13,97.13,-1.146484132371907,0.9114033217393523
2006-06-09T08:29:16.0,2.71,95.62,2009-03-22T19:18:56.0,2.7,95.5,2.236129434041482,0.9566556762646765
2006-07-25T17:45:15.0,2.64,95.49,2008-03-12T11:51:09.0,2.67,95.51,-1.4459293950948249,0.9488527063631067
2006-07-25T17:45:15.0,2.64,95.49,2009-11-22T19:45:52.0,2.69,95.51,1.1571690157661059,0.9725102794266016
2006-08-07T18:29:23.0,0.87,97.39,2007-05-02T01:55:41.0,0.84,97.41,1.0691416074554358,0.9269610332569708
2006-08-17T01:04:09.0,2.23,96.17,2012-05-30T20:12:46.0,2.31,96.33,-3.987906580223687,0.9559427697023102
2006-08-17T01:04:09.0,2.23,96.17,2016-01-04T21:09:02.0,2.27,96.26,-3.938776060434396,0.9267877029017199
2006-09-10T18:41:25.0,2.17,96.25,2007-10-26T22:45:15.0,2.42,96.6,-5.1934918767832645,0.933544452277634
2006-09-10T18:41:25.0,2.17,96.25,2013-07-09T01:05:39.0,2.11,96.27,1.8139485378735187,0.9842440313140668
2006-09-10T18:41:25.0,2.17,96.25,2014-06-01T18:31:43.0,2.16,96.16,2.2826899787658306,0.9106762669240894
2006-09-16T06:17:32.0,1.01,97.17,2010-09-30T09:53:55.0,1.01,97.17,-0.04501422791493709,0.9875547865055503
2006-09-16T06:17:32.0,1.01,97.17,2010-10-16T19:51:52.0,1.01,97.17,-11.102818225591665,0.9231491900422126
2006-09-25T14:15:35.0,2.52,96.43,2011-01-15T17:20:49.0,2.4,96.19,4.487045049525297,0.9252268699231856
2006-10-09T13:45:14.0,1.11,97.14,2008-07-02T14:55:10.0,1.12,97.07,1.0836063515723033,0.9172863380163034
2006-10-21T11:53:04.0,1.2,97.07,2015-08-13T19:32:37.0,1.27,97.06,1.2182168975955086,0.9378865971627349
2006-11-22T02:56:50.0,1.7,97.1,2011-11-21T23:32:13.0,1.73,96.92,0.7828564209860845,0.9574511133694328
2006-11-22T02:56:50.0,1.7,97.1,2014-03-19T07:36:03.0,1.74,97.08,3.2736201576348165,0.9746266333222349
2006-11-25T18:08:09.0,1.01,97.17,2008-04-13T14:58:54.0,1.01,97.17,-0.3558118466278135,0.990758229265304
2006-11-26T02:50:35.0,0.86,97.03,2009-11-14T04:23:49.0,0.9,96.87,2.4193786574855274,0.9500792127161516
2006-11-28T07:44:16.0,1.69,96.93,2009-03-19T02:32:41.0,1.58,96.79,1.2000816165254056,0.9572385438986983
2006-11-28T07:44:16.0,1.69,96.93,2010-07-03T01:57:53.0,1.48,96.83,2.695810876690267,0.950776112539076
2006-11-28T07:44:16.0,1.69,96.93,2013-09-26T20:09:31.0,1.6,96.86,2.3726759167439564,0.9034264220251099
2006-12-11T04:15:31.0,2.26,96.09,2010-02-23T13:24:11.0,2.2,96.15,-2.256463150505158,0.9623727452329479
2007-04-13T12:20:52.0,1.69,97.05,2013-06-16T00:44:39.0,1.69,96.98,0.3840703685431081,0.9716506495911761
2007-05-02T01:55:41.0,0.84,97.41,2008-05-18T13:42:21.0,0.87,97.25,0.42683735526315747,0.9124716998735765
2007-05-04T01:16:04.0,1.08,97.13,2011-11-18T03:46:00.0,1.17,97.19,2.014570668363522,0.9723738024542476
2007-05-10T10:23:14.0,1.01,97.17,2007-10-30T05:57:45.0,1.01,97.17,0.7006751885004485,0.9201541697266007
2007-05-16T12:03:17.0,1.29,97.06,2013-02-23T11:39:46.0,1.35,97.06,0.7743183140743315,0.9463542975102062
2007-05-18T00:12:59.0,1.28,97.13,2010-07-13T04:24:42.0,1.28,97.15,1.0743926398462424,0.9209965403124846
2007-05-29T06:32:18.0,2.48,95.93,2010-09-02T00:57:22.0,2.48,95.99,-1.2910104616006388,0.9021585913323024
2007-05-29T06:32:18.0,2.48,95.93,2013-09-04T23:32:38.0,2.38,95.99,1.040402931329055,0.9491908617099661
2007-06-05T20:32:27.0,1.01,97.17,2008-04-13T14:58:54.0,1.01,97.17,-0.39591807215898006,0.991945204663315
2007-06-05T20:32:27.0,1.01,97.17,2013-07-29T01:43:23.0,1.01,97.17,-0.3693857854928571,0.9922054690636714
2007-06-12T03:51:29.0,1.13,97.05,2009-03-23T09:57:51.0,1.28,97.11,-2.08868400810028,0.9196020863282568
2007-06-12T03:51:29.0,1.13,97.05,2013-12-27T04:18:41.0,1.22,96.94,1.2762003092429093,0.9040719120145916
2007-06-23T11:47:37.0,1.12,97.22,2012-06-29T09:20:50.0,1.13,97.17,0.7588876461048598,0.9308239265373093
2007-06-23T16:47:30.0,1.16,97.3,2014-02-22T17:27:58.0,1.11,97.19,4.2361555169258605,0.9174508963736878
2007-07-05T13:00:13.0,2.69,95.49,2009-03-04T14:19:31.0,2.72,95.41,1.6731223434294824,0.9690381616048592
2007-07-30T06:56:11.0,2.36,96.39,2010-03-18T00:04:40.0,2.21,96.27,5.50835961453849,0.9246939967203972
2007-07-30T06:56:11.0,2.36,96.39,2012-05-30T20:12:46.0,2.31,96.33,4.404911903823909,0.9677798629587802
2007-07-30T06:56:11.0,2.36,96.39,2016-01-04T21:09:02.0,2.27,96.26,4.4569593873127,0.9684146234581288
2007-08-04T18:29:41.0,1.32,97.26,2014-07-12T06:30:31.0,1.26,97.07,0.5583535700910827,0.9170098697692927
2007-08-16T03:31:47.0,2.01,97.86,2012-10-15T11:33:40.0,1.97,97.83,1.6593394676292963,0.9811925072301855
2007-08-17T02:51:42.0,1.7,96.99,2011-11-29T05:15:04.0,1.61,96.79,1.295943988466404,0.9297318702986982
2007-08-17T02:51:42.0,1.7,96.99,2013-08-07T06:23:57.0,1.62,96.81,1.1327248837906048,0.9243505494438757
2007-09-03T08:11:42.0,2.69,95.56,2009-02-07T12:51:08.0,2.71,95.52,-1.3254597494867235,0.900726994346398
2007-10-01T18:35:19.0,0.77,97.08,2010-09-15T19:24:29.0,0.76,97.0,3.3766301993002177,0.9060739171002835
2007-10-23T07:55:44.0,0.62,98.66,2016-11-06T14:03:39.0,0.55,98.47,2.543043876730418,0.9389034183311985
2007-10-26T22:45:15.0,2.42,96.6,2013-07-09T01:05:39.0,2.11,96.27,7.003796575291717,0.9410857489823896
2007-10-30T05:57:45.0,1.01,97.17,2010-06-03T09:23:47.0,1.01,97.17,5.9287109368338795,0.9513587267565438
2007-10-31T21:23:49.0,2.04,96.74,2009-02-13T13:45:37.0,2.0,96.69,1.9627363430721785,0.93178602816416
2007-10-31T21:23:49.0,2.04,96.74,2010-08-02T18:50:53.0,1.9,96.6,2.816379220158436,0.9016919784271763
2007-10-31T21:23:49.0,2.04,96.74,2013-09-26T18:24:10.0,2.03,96.68,2.2397365204203177,0.9880222521565801
2007-10-31T21:23:49.0,2.04,96.74,2015-11-05T09:44:33.0,1.98,96.65,1.8868654365805402,0.916215560190779
2007-11-22T23:01:53.0,1.01,97.17,2013-01-10T13:46:45.0,1.01,97.17,0.4691025285793713,0.9871176562658871
2007-11-26T15:03:43.0,1.13,97.13,2014-06-17T16:04:41.0,1.18,97.07,2.859748678057473,0.9773783101926671
2007-12-20T15:44:01.0,0.04,97.54,2014-04-15T15:12:23.0,0.12,97.69,-3.2263297989898203,0.9005833093680006
2007-12-28T05:23:54.0,1.01,97.17,2017-01-12T19:19:46.0,1.01,97.17,-9.143637098110876,0.9384820542039173
2008-01-05T20:01:45.0,1.01,97.17,2012-06-05T11:01:10.0,1.01,97.17,0.058328479452127546,0.994158517296528
2008-01-05T20:01:45.0,1.01,97.17,2017-01-17T11:48:38.0,1.01,97.17,0.4072258792872417,0.9957456510578747
2008-01-06T00:29:36.0,3.45,95.01,2011-10-26T20:49:59.0,3.45,95.01,0.46408367899349984,0.9479288207885842
2008-01-06T00:29:36.0,3.45,95.01,2013-12-25T05:57:21.0,3.45,95.01,-0.006641391305386421,0.9490090038577799
2008-01-19T04:44:48.0,2.16,96.78,2011-05-13T16:24:32.0,2.03,96.67,3.0065671698260226,0.932046899057268
2008-01-19T04:44:48.0,2.16,96.78,2013-09-05T07:13:42.0,2.02,96.67,1.2540054604262534,0.9286681143588069
2008-01-19T04:44:48.0,2.16,96.78,2017-10-27T10:14:56.0,2.02,96.67,0.7614098613243672,0.9417515336902751
2008-02-12T16:17:17.0,1.89,97.87,2012-05-25T14:57:55.0,1.93,97.87,0.9280602159250322,0.9277207136688205
2008-03-12T11:51:09.0,2.67,95.51,2009-11-22T19:45:52.0,2.69,95.51,2.6030883962957843,0.9582942859419953
2008-03-16T23:05:29.0,1.01,97.17,2010-01-31T07:02:48.0,1.01,97.17,0.023178173738069453,0.9673925912404024
2008-03-25T15:13:31.0,1.92,96.62,2010-04-07T05:05:10.0,2.05,96.7,-0.03587331105322635,0.9113567939156713
2008-03-29T09:39:07.0,1.31,97.17,2009-11-01T19:02:15.0,1.32,97.01,3.1363570887725487,0.9591969583130957
2008-03-29T09:39:07.0,1.31,97.17,2010-08-28T01:18:07.0,1.3,97.02,2.7956514012989233,0.9233598525273103
2008-03-29T09:39:07.0,1.31,97.17,2015-10-18T14:49:13.0,1.33,97.05,3.016497528130035,0.9401948052822866
2008-04-06T18:35:09.0,1.26,97.12,2017-07-13T07:40:57.0,1.35,96.99,3.0537405034716327,0.9143679347145725
2008-04-10T03:14:30.0,2.56,95.81,2012-08-07T02:26:28.0,2.52,95.8,0.14371688308001038,0.9182534673315536
2008-04-10T03:14:30.0,2.56,95.81,2016-02-17T22:22:48.0,2.53,95.76,-0.28310312437944096,0.9025039048726649
2008-04-13T14:58:54.0,1.01,97.17,2013-07-29T01:43:23.0,1.01,97.17,0.02654896113458997,0.990864261901209
2008-05-03T03:53:42.0,1.01,97.17,2013-02-13T11:00:32.0,1.01,97.17,-0.783648089034092,0.9367687463519077
2008-05-18T02:59:59.0,1.23,97.05,2010-07-13T22:21:03.0,1.33,97.16,-0.43560322490132813,0.9862615558999073
2008-05-18T02:59:59.0,1.23,97.05,2013-11-19T20:22:46.0,1.29,97.11,-1.20015771614138,0.921180501751185
2008-07-02T14:55:10.0,1.12,97.07,2011-03-29T06:59:35.0,1.11,97.07,-0.2534660600274715,0.9655095370811657
2008-07-22T12:27:56.0,1.34,97.19,2010-06-06T01:37:35.0,1.33,97.15,1.33381594739606,0.9047125862886417
2008-07-22T12:27:56.0,1.34,97.19,2015-02-15T10:14:55.0,1.23,97.06,2.012062973152525,0.9758042463731538
2008-08-07T21:27:35.0,2.41,95.84,2013-11-13T22:36:04.0,2.42,95.79,2.247591314025024,0.9259859752400424
2008-10-15T08:02:01.0,1.91,97.86,2012-05-25T14:57:55.0,1.93,97.87,1.7212388115969688,0.9039411687954347
2008-11-14T22:56:36.0,2.26,96.31,2015-09-09T12:41:46.0,2.27,96.35,0.9639635486749227,0.9124795378712485
2008-12-05T13:51:52.0,2.71,95.83,2011-11-27T04:17:49.0,2.6,95.6,4.14496052091193,0.9407253447422305
2009-01-16T10:28:37.0,2.44,95.24,2012-12-10T16:27:38.0,2.58,95.4,-2.063090893733201,0.9284216726287461
2009-02-07T12:51:08.0,2.71,95.52,2010-09-01T11:13:48.0,2.58,95.46,1.3506070798223233,0.9309333305789274
2009-02-13T13:45:37.0,2.0,96.69,2010-08-02T18:50:53.0,1.9,96.6,0.8520874084274144,0.9142827892607662
2009-02-13T13:45:37.0,2.0,96.69,2013-09-26T18:24:10.0,2.03,96.68,0.27814288222533007,0.9536007662120584
2009-02-13T13:45:37.0,2.0,96.69,2015-11-05T09:44:33.0,1.98,96.65,-0.07354532875047562,0.9306507105523718
2009-02-26T00:03:32.0,1.12,96.92,2011-11-18T03:46:00.0,1.17,97.19,-0.7655012340405756,0.9132094760150237
2009-02-26T00:03:32.0,1.12,96.92,2015-01-02T17:42:03.0,1.19,97.15,-0.995926842522479,0.9680492371294163
2009-03-19T02:32:41.0,1.58,96.79,2010-07-03T01:57:53.0,1.48,96.83,1.4958385249948016,0.9705717984193747
2009-03-19T02:32:41.0,1.58,96.79,2013-09-26T20:09:31.0,1.6,96.86,1.1727429135070944,0.9566909549818333
2009-03-22T19:18:56.0,2.7,95.5,2011-10-19T19:37:53.0,2.65,95.59,-1.4343577661256628,0.9389963908828618
2009-03-22T19:18:56.0,2.7,95.5,2015-05-27T16:16:41.0,2.66,95.55,0.4308910857076662,0.9100953885323056
2009-03-25T08:28:34.0,1.01,97.17,2017-02-24T08:21:56.0,1.01,97.17,7.057911766387089,0.9117998760173052
2009-11-01T19:02:15.0,1.32,97.01,2010-08-28T01:18:07.0,1.3,97.02,-0.34227976616963973,0.9543613249562549
2009-11-01T19:02:15.0,1.32,97.01,2015-10-18T14:49:13.0,1.33,97.05,-0.1226409386766385,0.9580850206178195
2009-11-14T04:23:49.0,0.9,96.87,2015-02-07T21:40:15.0,0.86,96.96,0.07832118229241725,0.906203559978901
2009-12-13T08:10:18.0,2.17,96.25,2012-03-18T02:01:54.0,2.14,96.33,-1.5523932090807604,0.9392968895330327
2010-01-04T14:56:02.0,1.01,97.17,2015-06-01T14:07:23.0,1.01,97.17,1.920305743230326,0.9179361521187596
2010-01-16T01:39:19.0,2.59,95.85,2010-10-10T14:56:30.0,2.54,95.75,-0.17975972280993258,0.9174766528185927
2010-01-16T01:39:19.0,2.59,95.85,2012-08-07T02:26:28.0,2.52,95.8,0.17982076482362713,0.929997413102408
2010-01-16T01:39:19.0,2.59,95.85,2016-02-17T22:22:48.0,2.53,95.76,-0.2469207600532538,0.9206932662870392
2010-01-27T18:26:13.0,2.0,97.82,2015-05-01T06:18:33.0,1.96,97.86,-0.4655208584068914,0.9297093288705989
2010-03-18T00:04:40.0,2.21,96.27,2016-01-04T21:09:02.0,2.27,96.26,-1.0490955660231223,0.9167427330872238
2010-04-04T12:43:14.0,2.56,95.83,2012-05-20T16:11:37.0,2.54,95.88,-1.826687777734838,0.9345035451687571
2010-04-04T12:43:14.0,2.56,95.83,2015-12-20T02:48:01.0,2.52,95.88,0.4633842773566704,0.9807239808137583
2010-04-07T05:05:10.0,2.05,96.7,2010-04-09T15:59:14.0,2.04,96.62,-0.9134278587180036,0.9471173064039085
2010-04-07T05:05:10.0,2.05,96.7,2014-08-31T05:58:26.0,2.01,96.66,0.10573076230540006,0.9043321102605779
2010-04-08T02:59:56.0,2.41,97.14,2010-08-13T03:42:31.0,2.4,97.1,0.3548944443838169,0.9518542653942306
2010-04-26T04:43:25.0,2.07,96.68,2010-05-22T18:56:25.0,1.92,96.6,1.2312040050100226,0.9051795451706968
2010-04-26T12:02:34.0,2.45,95.73,2011-12-02T08:07:39.0,2.55,95.78,0.7168888270350047,0.9361294429227609
2010-04-26T12:02:34.0,2.45,95.73,2012-10-31T09:56:27.0,2.48,95.78,0.2329879680403435,0.9222362244802911
2010-06-06T01:37:35.0,1.33,97.15,2015-02-15T10:14:55.0,1.23,97.06,0.6795835188114162,0.9139158974376911
2010-06-06T20:44:06.0,2.45,95.81,2017-08-26T15:30:43.0,2.45,95.81,0.5609011577167287,0.9031955083059192
2010-07-03T01:57:53.0,1.48,96.83,2013-09-26T20:09:31.0,1.6,96.86,-0.32251437805548383,0.9257390592058392
2010-07-13T22:21:03.0,1.33,97.16,2013-11-19T20:22:46.0,1.29,97.11,-0.763448826484257,0.9063034554207957
2010-07-25T16:46:24.0,1.7,96.74,2017-04-28T22:43:37.0,1.68,96.79,0.09583033433956523,0.9011302482145178
2010-08-02T18:50:53.0,1.9,96.6,2013-09-26T18:24:10.0,2.03,96.68,-0.5715270329611736,0.921687639158899
2010-08-02T18:50:53.0,1.9,96.6,2015-11-05T09:44:33.0,1.98,96.65,-0.927590458854238,0.9246221048259384
2010-08-28T01:18:07.0,1.3,97.02,2015-10-18T14:49:13.0,1.33,97.05,0.21880276562702508,0.9424803049293774
2010-10-10T14:56:30.0,2.54,95.75,2012-08-07T02:26:28.0,2.52,95.8,0.35911163830254716,0.9287307800597446
2010-10-11T17:15:31.0,2.01,96.62,2012-01-28T15:07:53.0,2.08,96.59,0.03539787857411736,0.957683231544321
2011-01-15T17:20:49.0,2.4,96.19,2011-02-18T04:46:01.0,2.4,96.29,-1.0040975558192593,0.9178808086467074
2011-01-25T22:30:52.0,1.28,96.99,2013-02-23T11:39:46.0,1.35,97.06,-0.6414002103381446,0.9009052876972569
2011-05-13T16:24:32.0,2.03,96.67,2013-09-05T07:13:42.0,2.02,96.67,-1.7516363702114155,0.9428996364410805
2011-05-13T16:24:32.0,2.03,96.67,2017-10-27T10:14:56.0,2.02,96.67,-2.245251230598499,0.9506006627969005
2011-05-27T05:45:03.0,1.01,97.17,2017-02-24T08:21:56.0,1.01,97.17,0.612982747641478,0.9326748635201924
2011-10-26T20:49:59.0,3.45,95.01,2013-12-25T05:57:21.0,3.45,95.01,-0.46992982799335886,0.9745334726782716
2011-11-21T23:32:13.0,1.73,96.92,2014-03-19T07:36:03.0,1.74,97.08,2.491560543373983,0.9650056963657099
2011-11-29T05:15:04.0,1.61,96.79,2013-08-07T06:23:57.0,1.62,96.81,-0.16441507978284647,0.955240633824365
2011-12-02T08:07:39.0,2.55,95.78,2012-10-31T09:56:27.0,2.48,95.78,-0.48783424780079276,0.9288239456422562
2012-01-22T00:55:37.0,2.19,96.09,2013-01-01T20:05:00.0,2.19,96.07,-0.41200615178201416,0.9166297929500634
2012-04-06T06:28:39.0,2.01,97.87,2014-10-30T00:02:27.0,2.02,97.87,-0.8202789283524581,0.9926087266306676
2012-05-20T16:11:37.0,2.54,95.88,2015-12-20T02:48:01.0,2.52,95.88,2.2917660816447847,0.9246123225534351
2012-05-30T20:12:46.0,2.31,96.33,2016-01-04T21:09:02.0,2.27,96.26,0.05057946208166919,0.9630998745755749
2012-06-05T11:01:10.0,1.01,97.17,2017-01-17T11:48:38.0,1.01,97.17,0.3493289562978419,0.9941273578825809
2012-08-07T02:26:28.0,2.52,95.8,2016-02-17T22:22:48.0,2.53,95.76,-0.42628105136414846,0.9137127096301821
2013-01-10T13:46:45.0,1.01,97.17,2017-02-20T06:10:09.0,1.01,97.17,-1.686152586145359,0.9284223365212172
2013-09-05T07:13:42.0,2.02,96.67,2017-10-27T10:14:56.0,2.02,96.67,-0.4937132467428795,0.9620147844519292
2013-09-26T18:24:10.0,2.03,96.68,2015-11-05T09:44:33.0,1.98,96.65,-0.3528263890609574,0.9433924436533953
