time,latitude,longitude
2007-01-30T19:18:22.74,39.8645,143.2364
2007-02-24T20:38:50.40,38.24,141.69
2007-04-30T14:17:54.80,39.062,142.3034
2007-05-26T16:51:42.99,39.1277,143.257
2007-05-28T22:36:09.43,39.6336,142.1172
2007-06-30T13:04:02.50,38.86,142.05
2007-08-09T01:50:20.40,38.82,141.58
2007-08-13T03:34:12.70,38.31,141.89
2007-08-15T10:34:49.04,39.7267,141.8568
2007-09-14T23:16:32.80,37.88,142.47
2007-09-23T03:36:29.20,39.04,140.93
2007-10-01T08:18:03.50,37.25,142.13
2007-10-20T08:36:35.82,37.1679,141.5017
2007-10-25T20:36:29.60,38.3,141.85
2007-10-27T00:31:13.40,38.91,142.08
2007-11-06T09:42:12.20,37.17,141.39
2007-12-03T02:46:45.10,38.62,142.17
2007-12-14T16:47:15.30,38.98,142.21
2007-12-15T04:18:16.54,39.6236,142.0184
2008-01-09T20:46:30.77,38.4562,142.209
2008-01-10T23:00:31.66,39.3565,141.9883
2008-01-13T14:00:03.21,39.1724,143.2615
2008-01-13T21:07:08.64,38.8842,142.0293
2008-01-19T12:22:50.70,38.78,141.64
2008-01-24T14:27:08.47,37.5191,142.8968
2008-01-24T16:07:02.22,37.4402,142.8856
2008-01-25T15:56:22.83,38.7552,142.3388
2008-01-31T04:08:41.23,37.4245,143.0981
2008-01-31T14:55:53.55,37.4102,143.0906
2008-02-03T05:25:18.45,37.5026,143.009
2008-02-05T09:51:15.20,37.93,142.48
2008-02-07T01:32:01.86,38.8206,141.7476
2008-03-07T05:30:39.79,38.8442,141.836
2008-03-11T23:35:16.50,38.73,142.25
2008-03-12T22:39:54.90,38.24,141.69
2008-03-19T20:06:22.90,38.28,141.91
2008-03-22T09:11:05.80,37.11,142.28
2008-04-08T23:52:07.49,38.8595,141.7687
2008-04-18T21:36:31.61,37.114,141.6404
2008-05-03T10:48:10.50,38.62,141.91
2008-05-03T12:06:19.84,39.6627,142.1693
2008-05-12T17:45:36.92,37.2584,142.3322
2008-05-28T17:19:11.30,38.99,140.59
2008-06-01T15:58:28.88,38.3349,141.8973
2008-06-04T00:54:56.30,38.71,141.05
2008-06-13T23:53:42,39.03,140.85
2008-06-13T23:54:37.40,39.1,140.84
2008-06-13T23:55:33.60,39.04,140.84
2008-06-13T23:56:26.80,38.97,140.89
2008-06-13T23:56:46.68,39.1004,140.9681
2008-06-13T23:57:11.90,38.89,140.73
2008-06-13T23:57:46,39.09,140.95
2008-06-13T23:58:33,38.9,140.87
2008-06-13T23:58:36.70,39.08,140.94
2008-06-13T23:58:44,38.78,140.71
2008-06-13T23:59:42,39.15,140.94
2008-06-14T00:00:07.53,38.7615,140.7886
2008-06-14T00:02:46.40,38.91,140.88
2008-06-14T00:04:08.10,39.0,140.89
2008-06-14T00:04:33.10,38.91,140.78
2008-06-14T00:05:16.80,39.04,140.85
2008-06-14T00:06:22.75,39.0062,140.8706
2008-06-14T00:08:01.87,38.8386,140.8084
2008-06-14T00:09:19.10,38.99,140.86
2008-06-14T00:09:47.70,39.04,140.85
2008-06-14T00:14:33.50,38.77,140.72
2008-06-14T00:15:42.90,38.89,140.87
2008-06-14T00:16:56,39.0,140.87
2008-06-14T00:18:13.79,39.14,140.9432
2008-06-14T00:18:39.80,39.03,140.86
2008-06-14T00:19:13.60,38.85,140.84
2008-06-14T00:22:07.60,38.99,140.78
2008-06-14T00:23:05.80,38.98,140.85
2008-06-14T00:23:33,38.8,140.74
2008-06-14T00:23:46.70,38.82,140.81
2008-06-14T00:23:51.60,39.1,140.89
2008-06-14T00:24:28.20,38.88,140.76
2008-06-14T00:24:48.50,38.86,140.85
2008-06-14T00:25:56.30,39.15,140.93
2008-06-14T00:29:28.72,39.1296,140.9316
2008-06-14T00:30:49.71,38.8474,140.7599
2008-06-14T00:31:35.60,39.07,140.84
2008-06-14T00:35:14.40,39.06,140.85
2008-06-14T00:36:54.10,39.0,140.85
2008-06-14T00:37:01,39.03,140.9
2008-06-14T00:38:55.80,39.02,140.8
2008-06-14T00:41:57.70,38.96,140.9
2008-06-14T00:49:03.58,39.077,140.9183
2008-06-14T00:53:50.50,38.96,140.88
2008-06-14T00:54:27.70,38.92,140.87
2008-06-14T00:54:33.80,38.91,140.86
2008-06-14T00:55:10.40,38.83,140.8
2008-06-14T00:58:17.61,39.1033,140.9799
2008-06-14T01:02:59,38.88,140.85
2008-06-14T01:03:15.40,39.13,140.92
2008-06-14T01:05:28,39.0,140.79
2008-06-14T01:05:55.30,39.13,140.93
2008-06-14T01:06:08.50,38.99,140.83
2008-06-14T01:17:35.30,39.0,140.85
2008-06-14T01:19:39.40,38.77,140.79
2008-06-14T01:20:43.60,39.1,140.86
2008-06-14T01:20:59.50,39.08,140.89
2008-06-14T01:23:02.30,38.91,140.86
2008-06-14T01:25:11.20,38.86,140.73
2008-06-14T01:25:26.90,39.1,140.85
2008-06-14T01:28:19.80,39.07,140.95
2008-06-14T01:35:03.20,39.1,140.9
2008-06-14T01:37:15.90,39.0,140.84
2008-06-14T01:39:48.55,39.075,140.9559
2008-06-14T01:48:58.80,39.03,140.9
2008-06-14T01:49:22.90,38.94,140.88
2008-06-14T01:49:43.54,39.1041,140.9203
2008-06-14T01:51:25.60,38.98,140.83
2008-06-14T01:56:29.46,39.0664,140.9896
2008-06-14T02:21:15.40,39.1,140.94
2008-06-14T02:21:36.20,39.05,140.77
2008-06-14T02:30:13.60,39.07,140.96
2008-06-14T02:31:26.90,38.78,140.73
2008-06-14T02:33:30,38.78,140.73
2008-06-14T02:35:17.27,39.0203,140.8728
2008-06-14T02:36:28,38.99,140.82
2008-06-14T02:39:50.40,39.02,140.88
2008-06-14T02:40:41.59,38.8813,140.848
2008-06-14T02:53:10,38.85,140.78
2008-06-14T02:55:39.57,38.9338,140.8858
2008-06-14T02:57:12.80,39.08,140.92
2008-06-14T02:58:23.56,39.0898,140.9634
2008-06-14T03:09:20.42,38.8689,140.8733
2008-06-14T03:10:32.84,39.0874,140.8533
2008-06-14T03:13:42.10,39.07,140.94
2008-06-14T03:14:05.28,39.0813,140.8797
2008-06-14T03:48:16.60,39.12,140.94
2008-06-14T03:55:23.20,38.9738,140.9142
2008-06-14T04:10:48.02,39.1078,140.8545
2008-06-14T04:35:54.03,38.9214,140.6864
2008-06-14T04:36:28.80,38.89,140.76
2008-06-14T05:09:19.30,38.99,140.89
2008-06-14T05:09:35.59,39.1764,140.9701
2008-06-14T05:39:06.95,39.1314,140.9094
2008-06-14T05:46:13.40,38.88,140.67
2008-06-14T06:21:32.90,38.99,140.77
2008-06-14T06:31:43.80,39.12,140.93
2008-06-14T06:37:18.80,39.12,140.89
2008-06-14T06:38:15,38.88,140.85
2008-06-14T06:49:44,38.94,140.9
2008-06-14T07:02:18.83,38.9683,140.9152
2008-06-14T07:10:29.80,39.09,140.9
2008-06-14T08:11:20.71,39.1409,140.9901
2008-06-14T08:13:56.47,38.9796,140.8925
2008-06-14T08:31:57.90,39.0,141.04
2008-06-14T09:31:54,39.01,140.93
2008-06-14T09:37:52.50,39.0,140.79
2008-06-14T09:40:07.60,39.0,140.83
2008-06-14T09:43:12.91,39.0028,140.8709
2008-06-14T09:44:07.20,39.02,140.88
2008-06-14T09:52:32.20,39.04,140.86
2008-06-14T10:20:55.10,38.89,140.87
2008-06-14T11:07:28.40,38.99,140.83
2008-06-14T12:10:22.18,39.1264,140.9335
2008-06-14T13:47:42.73,38.8004,140.8235
2008-06-14T14:04:25.47,38.898,140.7749
2008-06-14T14:22:27.44,39.1543,140.9484
2008-06-14T14:44:19.40,39.01,140.93
2008-06-14T15:04:43.70,38.9126,140.8875
2008-06-14T15:23:39.03,38.8456,140.8393
2008-06-14T15:26:03.30,38.95,140.9
2008-06-14T16:36:00,38.97,140.86
2008-06-14T16:37:08.10,39.07,140.85
2008-06-14T17:25:28.83,39.0089,140.9923
2008-06-14T17:40:13.83,39.0511,140.8331
2008-06-14T17:54:41.40,39.09,140.98
2008-06-14T18:47:37.68,39.1709,140.9547
2008-06-14T19:23:25.09,38.7953,140.81
2008-06-14T21:48:44.40,39.09,140.93
2008-06-14T21:52:22.84,39.1095,141.027
2008-06-14T21:56:54.50,39.16,140.96
2008-06-14T22:04:58.70,39.03,140.86
2008-06-14T22:06:36.80,38.89,140.86
2008-06-14T23:26:20.10,39.16,140.85
2008-06-14T23:26:53.40,39.16,140.85
2008-06-15T01:56:38.23,39.1539,140.9622
2008-06-15T03:58:08.20,38.83,140.74
2008-06-15T05:31:29.40,39.01,140.79
2008-06-15T06:25:39.34,39.0929,140.9543
2008-06-15T06:56:37.80,39.03,140.89
2008-06-15T07:23:34.60,38.87,140.87
2008-06-15T10:11:01.06,39.0958,140.9077
2008-06-15T13:30:47,39.09,140.96
2008-06-15T13:40:18.48,38.8943,140.8812
2008-06-15T17:36:04.92,39.1228,140.9549
2008-06-15T17:36:20.17,39.1017,140.9437
2008-06-15T21:06:33.50,39.01,140.85
2008-06-15T22:01:45.50,38.89,140.85
2008-06-16T02:46:19.40,39.06,140.86
2008-06-16T04:35:01.05,39.0981,140.9502
2008-06-16T04:37:05.60,39.1,140.93
2008-06-16T05:38:10.95,39.1281,140.9663
2008-06-16T06:57:27.80,38.98,140.9
2008-06-16T09:31:48.13,39.0614,140.9659
2008-06-16T11:13:49.70,38.96,140.9
2008-06-16T14:18:05.80,38.99,140.84
2008-06-16T15:03:21.09,38.91,140.8775
2008-06-16T17:59:47.30,39.0,140.85
2008-06-16T18:02:05.14,39.0585,140.9651
2008-06-16T18:11:11.04,38.9082,140.8797
2008-06-16T18:23:02.01,39.0986,140.955
2008-06-16T19:56:19.79,39.1416,140.9571
2008-06-16T22:11:44.70,38.92,140.58
2008-06-17T00:10:41,39.1,140.95
2008-06-17T00:19:21.78,38.9094,140.6007
2008-06-17T06:12:05.90,38.84,140.82
2008-06-17T10:03:54.60,39.15,140.8
2008-06-17T11:09:12.72,38.9191,140.9056
2008-06-17T12:30:58.41,39.085,140.9589
2008-06-17T13:00:14.80,39.07,140.84
2008-06-17T15:35:32,39.11,140.93
2008-06-17T15:54:37.20,39.1528,140.9908
2008-06-17T21:13:27.50,39.0,140.83
2008-06-18T14:55:05.72,39.0532,140.9125
2008-06-18T20:19:36.70,39.05,140.9
2008-06-19T02:34:15.10,39.164,141.0012
2008-06-19T10:28:10.60,39.0,140.89
2008-06-19T17:32:06.82,39.1479,140.974
2008-06-20T02:10:33.90,38.91,140.84
2008-06-20T16:55:30.36,39.1706,140.9608
2008-06-21T11:19:32.50,39.05,140.86
2008-06-22T22:58:45.34,39.0983,141.0069
2008-06-23T13:05:57.55,38.9332,140.9037
2008-06-23T17:18:56.19,38.9259,140.9066
2008-06-23T19:24:08.50,39.05,140.88
2008-06-24T07:21:34.60,38.86,140.74
2008-06-25T17:11:48.20,38.87,140.85
2008-06-26T03:20:02.33,39.032,140.9127
2008-06-26T13:56:16.70,38.82,140.8
2008-06-26T14:34:01.20,38.7455,140.7471
2008-06-26T16:06:32.80,38.76,140.77
2008-06-26T22:51:31.40,38.86,140.7
2008-06-27T05:33:34.14,38.7521,140.7942
2008-06-27T07:23:47.32,38.734,140.788
2008-06-27T11:41:50,38.99,140.86
2008-06-27T13:24:46.28,38.7242,140.7851
2008-06-27T14:19:15.61,38.7386,140.7929
2008-06-28T13:11:58.30,38.92,140.9
2008-06-29T12:50:14.20,38.99,140.86
2008-06-30T05:13:54.10,39.08,140.94
2008-06-30T13:25:55.20,39.07,140.96
2008-06-30T22:14:16.80,39.09,140.86
2008-07-01T02:36:58.67,39.1098,140.9642
2008-07-01T10:15:57.10,38.76,140.77
2008-07-02T02:36:57.70,39.08,140.97
2008-07-04T04:02:14.20,39.06,140.61
2008-07-05T04:14:36.65,39.1156,140.9988
2008-07-05T05:18:38.40,39.12,140.93
2008-07-06T02:54:07.50,39.04,140.89
2008-07-07T06:14:17.35,39.0267,140.9085
2008-07-07T18:45:19.47,38.7521,140.8033
2008-07-08T12:53:42.40,39.11,140.85
2008-07-11T20:54:51.20,39.1,140.93
2008-07-13T01:26:06.90,38.99,140.86
2008-07-14T14:56:41.48,39.1078,140.8849
2008-07-18T06:41:14,38.9,140.88
2008-07-19T03:03:19.20,37.45,142.61
2008-07-19T03:21:05.96,37.5445,142.4257
2008-07-19T04:07:07.90,37.47,142.78
2008-07-19T04:09:33.01,39.0949,140.8794
2008-07-19T06:50:36.20,37.55,142.64
2008-07-19T08:24:46.70,37.55,142.65
2008-07-19T16:09:20.60,37.43,142.81
2008-07-19T18:32:13.60,37.48,142.73
2008-07-19T18:59:00.30,39.0585,140.8413
2008-07-20T01:36:32.15,37.3452,142.5722
2008-07-21T04:33:59.44,37.6448,142.335
2008-07-21T04:50:11.33,37.3039,141.7718
2008-07-21T04:52:15.70,37.32,141.72
2008-07-21T23:29:02.13,37.1581,142.3133
2008-07-22T06:56:56.41,37.6781,142.4231
2008-07-22T09:02:20.60,37.58,142.73
2008-07-22T09:06:17.20,37.72,142.31
2008-07-22T09:19:05,37.7,142.35
2008-07-22T09:19:56.50,37.71,142.3
2008-07-22T14:58:46.66,36.9358,142.7964
2008-07-22T15:19:48.50,37.67,142.2
2008-07-22T16:28:06.93,37.448,142.8941
2008-07-22T22:06:32.50,37.42,142.87
2008-07-23T05:45:19.40,38.94,140.9
2008-07-23T22:10:51.27,37.5339,143.2194
2008-07-24T20:48:00.43,38.9821,140.8117
2008-07-25T16:39:01.90,37.55,142.86
2008-07-28T02:59:27.20,37.67,142.29
2008-07-28T15:55:15.68,38.9369,140.9175
2008-07-29T14:09:37,39.2,140.99
2008-07-29T23:15:53.37,39.0518,140.8789
2008-07-30T01:15:02.24,38.8152,140.8475
2008-07-30T05:54:35.90,37.41,141.79
2008-07-31T05:31:53.28,39.2,142.3519
2008-08-05T02:07:32.90,38.78,140.8
2008-08-07T12:29:30.10,37.45,143.1528
2008-08-16T02:50:54.10,37.53,142.67
2008-08-19T00:38:48,38.95,140.9
2008-08-19T12:55:21.70,39.1,140.89
2008-08-22T09:31:55.90,39.65,143.66
2008-08-24T07:10:57.30,39.11,140.94
2008-08-24T20:00:20.90,39.07,140.92
2008-08-25T04:15:09.10,39.11,140.94
2008-08-29T19:54:46.15,37.756,142.3232
2008-08-31T05:04:21.38,39.2082,142.8441
2008-09-02T09:35:13.04,39.1398,140.8897
2008-09-06T23:58:55.35,39.0456,140.8821
2008-09-12T18:18:05.60,39.12,140.86
2008-09-14T10:10:20.72,39.049,140.8722
2008-09-16T16:08:15.90,39.1,140.94
2008-09-21T09:11:32.28,38.7822,140.8041
2008-09-21T23:49:11.20,37.74,141.82
2008-09-23T10:29:38.50,39.13,140.89
2008-09-25T06:04:57.52,38.8408,140.8764
2008-10-01T13:01:54,39.04,140.86
2008-10-01T21:05:31.50,39.08,140.9
2008-10-07T19:06:17,39.02,140.83
2008-10-10T10:17:15.20,39.19,140.91
2008-10-12T10:22:46.70,39.06,140.84
2008-10-14T07:49:15.30,38.68,142.16
2008-10-20T00:29:21.56,39.3875,143.5736
2008-10-20T03:33:17.16,39.3708,143.4985
2008-10-21T13:38:21,38.06,142.64
2008-10-23T19:10:47.00,37.4573,141.6838
2008-10-25T15:32:34.55,38.757,140.813
2008-10-25T19:11:09.10,39.31,143.51
2008-10-25T21:35:34.72,38.5958,142.0632
2008-10-26T21:55:43.88,39.3359,143.5278
2008-11-03T17:05:42.40,37.78,142.78
2008-11-03T20:30:48.40,39.05,140.87
2008-11-08T10:22:29.85,38.8411,140.7457
2008-11-12T04:39:47.78,38.8965,140.8165
2008-11-19T21:43:01.20,38.54,141.72
2008-11-22T20:27:42.10,39.08,140.9
2008-11-23T09:12:42.33,38.8062,141.6411
2008-12-04T08:29:38.94,37.552,141.4958
2008-12-05T20:20:30.10,38.5764,143.15
2008-12-11T06:22:34.63,38.6427,143.2296
2008-12-17T20:43:39.87,39.182,142.5027
2009-01-14T19:09:23.34,39.6378,142.1534
2009-02-15T12:54:14.51,37.7015,142.1752
2009-02-15T22:39:05.04,38.1943,141.6845
2009-02-17T00:12:57.05,37.5426,141.3599
2009-03-14T02:11:22.90,38.24,141.69
2009-03-24T06:17:37.30,39.6204,142.1444
2009-04-09T18:34:12.09,39.7404,141.8552
2009-04-21T06:35:48.06,37.3937,142.341
2009-04-27T15:20:12.00,37.5222,142.9547
2009-05-01T21:40:41.90,38.64,141.91
2009-06-05T20:28:25.20,38.17,141.67
2009-06-13T13:35:21.50,37.17,141.46
2009-06-17T08:51:29.94,39.7403,141.8318
2009-07-02T03:50:19.95,37.9025,141.9318
2009-07-25T16:16:34.06,39.1453,142.9493
2009-08-03T07:19:30.83,37.2586,141.5017
2009-09-01T06:49:44.68,37.1462,141.4037
2009-09-04T17:37:00.83,38.2863,141.9653
2009-09-13T11:20:02.70,37.46,141.57
2009-09-16T08:19:52.70,37.35,141.35
2009-10-06T09:45:12.44,36.9977,142.9168
2009-10-07T21:32:58.30,37.4655,142.9587
2009-10-08T15:47:16.36,37.4667,142.9899
2009-10-13T21:15:42.90,37.57,143.03
2009-10-26T13:18:50.79,39.6945,143.4468
2009-10-26T23:10:26.87,38.8622,142.074
2009-12-10T21:22:23.99,37.3017,142.981
2009-12-17T09:33:50.37,37.2367,141.0456
2009-12-30T22:05:40.33,39.0679,142.1506
2010-01-15T22:08:20.30,38.54,141.72
2010-02-01T16:45:40,39.04,140.86
2010-02-02T09:52:01.40,39.04,140.86
2010-02-14T02:57:37.98,37.1851,141.392
2010-02-21T00:56:56.62,37.4277,141.6042
2010-03-05T07:39:44.52,38.2636,141.8754
2010-03-14T05:40:07.91,39.8886,142.5745
2010-03-19T05:18:17.80,37.26,142.19
2010-03-19T13:44:42.70,37.25,142.18
2010-03-25T03:26:57.90,37.7,141.77
2010-04-17T20:42:19,37.15,142.25
2010-05-04T11:01:52.80,37.7,141.77
2010-06-01T04:49:22.74,37.5384,141.4621
2010-06-16T04:28:59.90,38.67,142.17
2010-06-20T08:23:27.13,38.3077,141.934
2010-07-09T13:47:51.44,38.6072,141.9196
2010-07-15T09:05:33.50,37.4643,143.211
2010-08-09T10:09:16.73,39.6253,142.2577
2010-08-10T16:00:38.50,39.4529,143.4528
2010-08-10T20:00:19.34,39.4175,143.3865
2010-08-11T11:03:36,39.5,143.46
2010-08-11T18:51:21.52,39.4329,143.3865
2010-08-12T01:09:10.29,39.4956,143.3203
2010-08-13T02:38:11.53,39.7589,141.8648
2010-08-15T11:16:21.40,39.45,143.67
2010-08-15T15:07:52.94,39.502,143.6141
2010-08-22T02:20:01,37.54,142.64
2010-09-10T23:28:15.95,38.4962,142.0738
2010-09-19T12:04:22.82,39.2528,142.7083
2010-10-02T22:55:08,38.24,141.7
2010-10-24T21:09:58.82,39.7489,141.828
2010-10-29T11:08:24.20,37.79,141.56
2010-11-01T12:20:57.66,37.4625,143.1796
2010-11-02T00:52:51.60,37.28,140.96
2010-11-18T19:08:09.33,39.6772,142.1149
2010-11-19T00:18:15.70,37.16,141.46
2010-12-19T01:17:00.50,37.46,141.57
2011-01-11T16:01:15.55,37.119,141.5098
2011-01-12T03:43:03.53,39.1281,143.1599
2011-01-12T23:26:28.10,37.17,141.4
2011-01-14T04:37:44,37.17,141.4
2011-02-04T04:57:58.23,39.1716,143.1499
2011-02-17T05:06:18.53,38.4328,143.3059
2011-02-19T23:17:33.89,37.1418,141.4232
2011-02-26T07:34:49.30,37.1302,141.6183
2011-02-26T09:57:47.23,37.1708,141.5307
2011-03-01T14:12:53.01,37.1359,141.5075
2011-03-09T03:54:01.70,38.5052,143.1985
2011-03-09T06:43:44.92,38.3141,143.2659
2011-03-09T19:19:49.78,38.5979,143.2632
2011-03-09T19:23:19.60,39.1818,143.1867
2011-03-12T09:55:03.82,37.2593,141.2754
2011-03-12T13:01:15.86,37.4776,143.6784
2011-03-12T22:36:40.91,39.7649,142.4597
2011-03-13T00:21:27.50,37.5558,143.7863
2011-03-13T10:43:11.41,38.169,141.6165
2011-03-13T14:31:56.12,39.1511,142.8897
2011-03-14T04:45:37.21,37.2702,141.5791
2011-03-14T09:38:45.53,39.2958,142.3334
2011-03-14T23:00:17.66,38.6404,141.9917
2011-03-15T09:34:45.29,39.7892,143.4112
2011-03-15T16:03:39.72,37.259,141.3441
2011-03-15T23:10:15.54,37.2811,142.6395
2011-03-16T00:50:29.30,37.52,141.43
2011-03-16T12:48:35.82,37.2778,142.7007
2011-03-16T18:56:23.18,37.1798,140.8288
2011-03-16T21:11:26.97,38.7031,142.202
2011-03-17T17:34:50.57,38.6541,142.0219
2011-03-18T04:11:43.40,37.08,142.41
2011-03-18T16:31:08.09,37.2788,141.3929
2011-03-18T20:15:23.70,39.6995,143.1542
2011-03-19T16:28:42.33,39.8855,142.4003
2011-03-19T18:10:42.55,39.6935,142.4515
2011-03-19T23:32:16.30,38.6137,142.1961
2011-03-20T00:58:44.04,38.2367,142.039
2011-03-20T01:05:28.67,39.2813,142.3093
2011-03-20T02:11:28.82,37.7611,141.6247
2011-03-20T17:42:23.21,38.8954,142.1023
2011-03-20T18:43:44.66,38.2578,141.9533
2011-03-22T00:08:53.37,37.2586,141.4702
2011-03-22T02:19:30.20,37.5,141.37
2011-03-22T05:15:12.69,37.2165,142.4466
2011-03-22T17:20:49.83,39.4494,143.5651
2011-03-23T00:21:12.59,38.8725,142.028
2011-03-23T02:17:09.68,39.6169,143.6518
2011-03-23T04:13:10.97,39.7588,142.3787
2011-03-23T09:52:24.79,39.568,143.629
2011-03-23T17:19:07.21,39.3986,143.8199
2011-03-23T18:39:36.26,39.6336,143.4599
2011-03-24T06:13:37.57,37.2826,141.525
2011-03-24T07:47:04.20,37.2368,141.3521
2011-03-24T12:29:58.08,37.2115,142.1342
2011-03-24T12:37:36.64,37.1344,142.2287
2011-03-24T16:42:14.25,38.6574,142.0011
2011-03-24T22:59:42.32,37.1203,142.3787
2011-03-25T17:16:22.90,37.98,142.6
2011-03-25T21:22:00.20,37.72,139.97
2011-03-25T23:16:39.72,38.1382,141.7684
2011-03-25T23:45:55.90,37.08,142.47
2011-03-26T03:00:25.42,37.2939,141.3971
2011-03-26T11:37:58.41,37.6609,142.1716
2011-03-26T11:59:53.19,37.7118,142.2254
2011-03-26T14:53:59.90,37.63,141.82
2011-03-27T03:07:56.90,37.71,139.98
2011-03-27T05:31:23.53,39.878,142.409
2011-03-27T11:08:23.91,37.3387,141.6028
2011-03-27T12:43:51.17,39.2353,143.0001
2011-03-27T14:43:05.94,39.416,143.783
2011-03-27T18:37:10.64,39.5808,143.5383
2011-03-27T18:59:54.28,39.0832,142.9189
2011-03-28T12:39:13.13,39.2153,142.2091
2011-03-28T14:13:55.96,39.2619,142.2898
2011-03-28T22:00:39.09,37.246,141.6449
2011-03-28T23:51:30.98,39.3601,142.1654
2011-03-29T03:25:50.90,37.41,141.62
2011-03-29T20:40:46.06,37.0089,142.5627
2011-03-29T22:36:29.10,37.18,141.64
2011-03-30T05:02:12.28,38.9353,142.0061
2011-03-30T09:42:49.21,39.0575,142.4556
2011-03-30T15:01:06.53,37.1715,141.6332
2011-03-30T23:48:38,37.09,142.14
2011-03-31T14:20:32.76,38.8848,142.3768
2011-04-01T05:16:38.77,38.5338,141.7447
2011-04-01T21:58:59.64,38.6112,142.0206
2011-04-02T05:29:55.65,39.6258,143.5428
2011-04-02T07:02:00.20,37.33,141.38
2011-04-02T14:13:28.60,37.13,142.4
2011-04-02T18:23:31.89,38.5805,142.0198
2011-04-03T05:40:19.91,38.829,142.0565
2011-04-03T09:13:25.10,38.62,142.0
2011-04-04T03:28:45.70,38.1477,141.7359
2011-04-04T07:22:02.36,37.2179,140.8083
2011-04-04T10:37:25.51,38.1481,141.7125
2011-04-04T13:11:29.31,39.2507,142.8128
2011-04-04T15:47:05.54,37.5831,141.5902
2011-04-04T16:15:19.52,38.1642,141.7941
2011-04-04T21:52:56.25,38.2675,141.9058
2011-04-05T01:29:11.19,39.6765,142.1065
2011-04-05T07:19:48.23,37.4587,141.6064
2011-04-05T15:01:24.14,39.2992,142.2764
2011-04-05T19:43:39.21,39.7199,142.2783
2011-04-05T20:19:23.78,38.8062,142.085
2011-04-06T10:28:30.09,39.1256,142.432
2011-04-06T10:34:06.85,39.4454,143.9179
2011-04-06T19:20:18.99,39.4045,143.5273
2011-04-07T02:11:30.50,37.3002,141.5493
2011-04-07T11:59:16.03,38.4416,142.2425
2011-04-07T12:10:31.89,38.3694,142.1584
2011-04-07T15:23:31.67,37.5082,141.9947
2011-04-07T22:33:06.77,38.6288,142.0215
2011-04-07T23:39:26.66,38.8808,142.0919
2011-04-08T02:24:38.70,38.2358,141.9542
2011-04-08T03:00:05.66,37.1463,141.2148
2011-04-08T11:07:20.57,38.3079,141.9372
2011-04-08T23:27:23.23,39.7059,143.5383
2011-04-09T02:33:49.50,39.8567,143.3467
2011-04-10T10:48:17.31,38.4344,142.3098
2011-04-10T19:23:53.26,39.7287,142.566
2011-04-10T20:46:46.41,38.6857,141.8416
2011-04-11T21:21:19.10,38.8799,141.9277
2011-04-11T22:44:12.55,38.8517,142.0884
2011-04-11T22:45:29.93,38.553,142.1371
2011-04-12T09:00:49,37.2968,141.8409
2011-04-13T04:03:11.70,37.34,141.36
2011-04-13T08:26:05.80,38.6226,142.0393
2011-04-13T12:47:06.72,39.4015,143.6469
2011-04-13T14:00:07.64,39.5369,143.3574
2011-04-13T20:02:30.28,39.5434,143.4931
2011-04-13T22:50:38.89,39.5036,143.7829
2011-04-14T02:15:39.16,39.6446,143.5514
2011-04-14T04:46:31.72,39.7411,142.9956
2011-04-14T08:22:22.53,39.3888,143.832
2011-04-14T09:56:59.09,38.3585,141.877
2011-04-15T23:30:39.50,37.53,142.0
2011-04-16T03:22:39.54,38.2136,142.056
2011-04-16T13:22:52.13,37.4785,141.5401
2011-04-16T13:36:37.69,39.5805,142.0666
2011-04-16T20:54:09.33,38.632,141.9609
2011-04-17T01:30:28.71,37.768,143.774
2011-04-17T02:21:26,38.27,141.52
2011-04-17T07:06:04.37,38.873,142.0178
2011-04-17T09:06:41.50,38.29,141.53
2011-04-17T19:07:02.81,39.4887,143.6165
2011-04-18T00:19:18.96,38.8451,142.1655
2011-04-18T03:13:48.86,39.2522,142.2147
2011-04-18T10:56:04.52,38.5057,141.9574
2011-04-19T07:18:28.30,37.14,142.43
2011-04-19T09:54:28.80,37.49,141.37
2011-04-19T18:14:37.40,37.3,141.29
2011-04-20T06:05:20.40,38.84,142.03
2011-04-20T09:16:13.42,37.7239,141.8089
2011-04-21T05:42:14.60,39.75,142.37
2011-04-21T20:46:04.80,37.5,141.47
2011-04-21T20:47:16.50,37.5,141.47
2011-04-21T21:24:20.10,37.0086,142.6932
2011-04-22T03:12:54.53,38.525,141.909
2011-04-22T10:17:54.60,37.07,142.52
2011-04-22T16:22:12.30,37.5,141.36
2011-04-23T02:13:29.81,38.1695,141.7681
2011-04-23T14:45:34.76,37.313,141.4715
2011-04-23T20:14:44.70,37.71,141.83
2011-04-24T04:53:05.70,37.15,142.36
2011-04-25T00:46:08.41,38.7606,142.1136
2011-04-26T02:16:43.64,39.8893,142.2361
2011-04-26T04:52:20.17,38.2893,141.8652
2011-04-26T18:17:56.65,37.4386,141.3818
2011-04-27T23:33:29.70,37.54,142.01
2011-04-28T09:53:53.20,37.43,141.78
2011-04-28T16:43:51.86,38.5809,141.9591
2011-04-29T07:56:34.90,37.42,141.77
2011-04-29T21:08:05.10,37.43,141.78
2011-04-29T22:19:31.13,38.8624,142.0702
2011-04-30T06:33:23.98,37.2776,141.6149
2011-04-30T10:28:55.30,38.32,140.69
2011-04-30T10:50:18.90,37.01,142.32
2011-04-30T18:07:07.81,38.8002,142.0593
2011-05-01T09:32:11.57,38.6688,141.9635
2011-05-01T23:25:26.23,37.7351,141.8229
2011-05-02T00:38:04.44,39.7897,142.5215
2011-05-02T09:09:13.31,39.6723,143.3843
2011-05-02T21:05:44.04,39.2498,143.7508
2011-05-03T04:41:39.70,37.35,141.35
2011-05-03T11:44:08.76,37.4845,141.48
2011-05-04T09:30:31.86,39.4403,143.6121
2011-05-04T13:18:49.37,38.9089,142.0262
2011-05-04T21:13:44.30,38.1706,141.7982
2011-05-05T02:09:21.58,36.9824,142.3342
2011-05-05T06:43:40.50,37.52,141.46
2011-05-05T13:07:48.40,39.75,142.36
2011-05-05T13:23:39.35,38.8845,142.0132
2011-05-05T22:20:02.14,39.1083,142.9893
2011-05-06T11:26:18.66,38.144,141.8624
2011-05-06T12:06:06.70,37.77,141.97
2011-05-07T02:57:00.33,38.2847,141.9914
2011-05-07T22:45:35.64,39.5359,143.445
2011-05-07T23:48:42.86,39.2322,142.2373
2011-05-08T18:43:54,37.76,141.02
2011-05-09T02:56:03.13,39.4664,143.3338
2011-05-10T05:40:32.59,37.6111,141.5169
2011-05-10T19:58:10.22,38.886,141.9967
2011-05-11T00:50:49.05,38.1672,141.7605
2011-05-11T13:10:19.70,38.7,141.79
2011-05-11T15:17:01.33,38.858,142.0462
2011-05-11T18:21:47.54,38.5256,141.8706
2011-05-12T20:03:04.68,38.8086,142.026
2011-05-12T20:24:34.86,38.5966,142.0721
2011-05-13T00:51:08.97,39.4464,143.6658
2011-05-14T00:06:19.40,37.3,141.57
2011-05-14T01:22:32.50,37.75,141.95
2011-05-14T15:50:34.83,37.2769,141.7633
2011-05-14T16:45:10.52,38.8205,142.1012
2011-05-15T19:07:40.21,38.6425,141.9916
2011-05-16T16:25:42.60,37.59,141.58
2011-05-17T01:03:03.56,37.7636,141.0594
2011-05-17T04:54:48.50,39.2989,142.2648
2011-05-17T08:49:17.15,39.8955,142.2056
2011-05-17T18:10:57.40,38.65,142.17
2011-05-17T18:35:13.57,39.754,141.8275
2011-05-18T02:37:12.90,38.32,140.7
2011-05-18T05:26:05.15,37.2209,141.19
2011-05-18T11:15:41.60,37.19,140.9
2011-05-18T11:16:37.50,38.3495,142.1846
2011-05-18T11:56:18,37.29,141.42
2011-05-18T16:56:53.46,39.502,143.6127
2011-05-19T14:01:45.84,38.5656,141.9498
2011-05-19T19:41:59.13,37.2155,141.1928
2011-05-20T07:36:19.90,37.35,141.35
2011-05-20T11:42:15.80,38.1607,141.8013
2011-05-20T12:59:02.40,37.45,141.47
2011-05-22T08:28:21.77,39.1592,142.9021
2011-05-22T08:33:40.92,39.212,142.8443
2011-05-23T03:26:21.42,38.1469,141.7092
2011-05-23T21:55:27.53,38.5093,141.8342
2011-05-24T13:03:18.43,39.7303,142.2778
2011-05-25T17:27:35.34,39.7662,142.3942
2011-05-25T22:36:08.90,37.19,140.9
2011-05-26T06:57:34.44,39.6139,142.1138
2011-05-27T22:11:02.90,37.44,142.38
2011-05-27T23:12:12.60,37.48,142.28
2011-05-28T13:15:29.60,37.31,141.26
2011-05-28T21:04:01.43,37.3215,141.5245
2011-05-28T22:09:32.05,38.804,142.1485
2011-05-29T00:03:06.74,39.8076,142.4017
2011-05-29T03:12:18.43,38.1686,141.7503
2011-05-29T09:00:34,37.16,142.58
2011-05-29T09:38:39.52,37.7893,141.9373
2011-05-29T10:39:41.95,39.5949,143.4909
2011-05-29T11:28:36.96,39.6987,143.3876
2011-05-29T18:54:58.03,37.058,142.5165
2011-05-30T05:21:35.87,37.3227,141.3156
2011-05-30T17:49:36.20,37.29,141.36
2011-05-31T17:15:16.94,38.8977,141.9995
2011-05-31T23:53:57.73,38.5904,142.0398
2011-06-01T18:37:00.04,39.6913,142.3154
2011-06-01T22:17:05.60,38.7,142.24
2011-06-02T00:29:43.89,38.2302,141.9464
2011-06-02T12:17:36.70,38.54,141.72
2011-06-02T20:07:34,37.32,141.28
2011-06-02T20:20:27.30,36.99,142.31
2011-06-03T03:35:02.86,38.8115,141.959
2011-06-03T05:24:31.46,39.2271,142.9364
2011-06-04T00:40:26.55,38.3682,142.2151
2011-06-04T20:17:53.25,37.0793,142.6964
2011-06-05T15:04:19.04,36.9604,142.5746
2011-06-06T06:35:00.49,37.3111,141.7357
2011-06-07T18:30:41.39,38.5855,142.0409
2011-06-09T14:54:43.40,37.45,141.52
2011-06-09T21:44:21.38,37.7704,141.7225
2011-06-10T13:39:45.07,38.6012,141.8984
2011-06-10T18:10:24.18,37.8506,143.6986
2011-06-10T21:32:32.10,37.41,141.58
2011-06-10T21:40:02.30,39.11,142.45
2011-06-10T21:40:09.72,39.0929,142.4233
2011-06-11T16:31:15.14,39.6345,143.3959
2011-06-11T18:51:31.86,39.5117,143.5581
2011-06-11T19:47:00.52,37.8303,143.7486
2011-06-12T02:56:15.40,37.83,141.74
2011-06-13T02:55:29.92,39.8075,143.4227
2011-06-13T14:54:18.47,39.6129,143.4954
2011-06-14T12:01:07,37.28,141.44
2011-06-15T05:32:37.97,37.0738,142.3608
2011-06-15T10:19:02.10,37.41,141.58
2011-06-15T12:48:26.66,38.8691,142.0062
2011-06-15T15:36:32.64,38.8184,142.1405
2011-06-15T16:13:38.40,37.83,141.72
2011-06-16T14:01:45.78,36.9822,142.7175
2011-06-17T19:51:24.83,39.4231,143.1734
2011-06-18T04:51:48.90,38.7,141.79
2011-06-18T23:56:42.70,38.24,141.87
2011-06-19T00:37:09.80,38.54,141.72
2011-06-19T16:31:20.30,37.49,141.37
2011-06-19T18:43:00.30,37.21,141.44
2011-06-19T20:51:16.99,37.1733,141.6138
2011-06-20T12:01:56.86,39.6735,143.4203
2011-06-20T17:42:04.20,37.2,142.4
2011-06-20T20:34:09.70,37.35,141.14
2011-06-21T01:38:51.07,39.6143,143.4885
2011-06-21T10:32:14.80,37.73,141.94
2011-06-21T21:52:40.74,38.8436,142.1299
2011-06-22T09:56:59.50,37.77,141.77
2011-06-22T10:16:01.56,38.589,141.9754
2011-06-23T02:44:00.40,38.18,141.69
2011-06-24T01:21:44.96,38.8818,142.1235
2011-06-24T15:22:53.46,37.1009,141.2572
2011-06-24T22:03:47.40,37.46,141.48
2011-06-26T01:16:31.90,38.18,141.71
2011-06-26T20:32:07,37.6,141.58
2011-06-27T05:47:49.40,38.67,142.16
2011-06-28T06:21:12.70,38.17,141.68
2011-06-28T08:11:07.59,38.4024,141.9971
2011-06-28T16:17:14.14,37.0888,141.3003
2011-06-28T20:13:32.68,39.0456,142.2353
2011-06-29T01:49:45.30,37.25,142.16
2011-06-29T03:49:28.30,37.2,142.27
2011-06-29T03:58:36.09,38.8764,142.0542
2011-06-29T15:59:38.90,38.44,141.84
2011-06-29T17:43:01.10,38.34,141.66
2011-06-30T10:22:43.97,37.3919,141.5535
2011-07-01T11:42:19.50,39.75,142.36
2011-07-02T04:36:38.40,37.44,141.52
2011-07-03T06:48:44,37.34,141.37
2011-07-03T11:23:35.10,37.35,141.36
2011-07-03T21:47:23.04,39.0857,143.1583
2011-07-04T00:17:44.74,37.1651,140.9775
2011-07-04T13:08:07.90,37.51,141.52
2011-07-05T02:00:48.12,39.2216,142.3432
2011-07-05T08:47:00.30,36.97,142.73
2011-07-05T08:51:25.54,36.9379,142.8586
2011-07-06T05:54:33.30,37.21,142.35
2011-07-07T06:01:34.90,37.29,141.42
2011-07-07T16:10:06.26,38.8635,142.0036
2011-07-08T00:39:11.10,39.53,142.61
2011-07-08T04:51:33.90,38.62,141.91
2011-07-09T11:25:41.89,38.6816,141.8869
2011-07-09T13:35:25.80,38.1543,141.7318
2011-07-09T13:41:42.84,38.8748,142.0058
2011-07-10T02:21:58.75,38.6517,142.0206
2011-07-10T16:37:07.30,38.65,142.17
2011-07-10T18:04:15,37.328,141.4139
2011-07-10T22:18:25.90,38.54,141.72
2011-07-10T22:55:31.30,38.62,141.91
2011-07-11T08:30:05.23,39.4136,143.7402
2011-07-11T12:05:52.10,37.16,142.4
2011-07-11T17:18:43.66,38.3501,141.77
2011-07-11T18:57:46.40,39.53,142.6
2011-07-12T20:06:32.30,38.9284,142.0442
2011-07-13T19:35:41.90,38.4864,141.8268
2011-07-16T13:23:02.88,38.8939,141.9747
2011-07-17T08:22:46.80,39.33,143.71
2011-07-17T14:50:01.48,37.1756,142.5249
2011-07-17T20:21:05.61,37.5265,141.4542
2011-07-18T14:24:55.19,39.5326,143.6262
2011-07-20T20:31:01.68,39.756,142.3972
2011-07-20T23:56:10.63,39.5654,143.811
2011-07-21T18:09:12.10,39.3952,143.7423
2011-07-22T09:03:08.45,38.8735,142.0398
2011-07-24T09:59:07.37,37.5502,141.5737
2011-07-24T10:03:31.70,38.54,141.72
2011-07-24T11:02:51.32,38.8832,142.0676
2011-07-24T15:07:09.31,38.8871,142.061
2011-07-25T10:08:14.16,38.5016,141.9001
2011-07-25T20:39:54.83,38.5446,141.8238
2011-07-26T05:10:59.60,39.88,142.17
2011-07-26T14:34:44.69,38.807,142.0519
2011-07-27T08:48:52.30,37.32,141.27
2011-07-27T18:35:42.22,38.6182,142.3579
2011-07-28T22:22:01.93,38.2296,142.0012
2011-07-29T22:04:46.60,37.33,141.49
2011-07-29T22:54:53.80,37.33,141.5
2011-07-29T23:44:11.56,38.8759,141.9913
2011-07-30T12:08:22.77,39.0971,142.9696
2011-07-31T08:28:53.47,38.8579,142.1698
2011-07-31T08:43:19.70,39.03,142.44
2011-07-31T08:46:26.79,38.9657,142.4057
2011-07-31T12:40:04.47,38.6341,141.9757
2011-08-01T06:54:59.31,38.6439,142.1882
2011-08-02T04:51:57.10,38.66,142.14
2011-08-02T15:34:50.38,39.3265,144.0444
2011-08-02T17:16:57.44,39.0949,142.2277
2011-08-03T10:02:02.50,39.45,143.89
2011-08-03T23:51:51.25,39.7277,142.5954
2011-08-04T10:55:28.34,37.1649,141.5247
2011-08-04T17:32:14.30,38.73,142.18
2011-08-05T18:49:02.70,37.41,141.6
2011-08-05T20:41:48.30,37.59,141.56
2011-08-06T23:40:45.47,37.0441,142.5111
2011-08-07T00:27:18.96,39.429,143.712
2011-08-07T03:52:48.77,39.6739,143.3264
2011-08-07T05:57:34.25,37.2063,141.9388
2011-08-07T20:08:50.08,39.7354,141.8496
2011-08-07T21:25:43.80,38.32,141.89
2011-08-08T01:05:36.75,38.6471,142.425
2011-08-09T18:29:47.62,38.858,141.9606
2011-08-09T21:10:38.30,36.99,142.36
2011-08-11T10:08:28.20,37.65,141.8
2011-08-12T12:37:21.60,38.89,141.98
2011-08-12T15:59:49.68,37.673,141.915
2011-08-12T19:01:20.30,37.0217,142.2011
2011-08-12T22:36:33,37.69,141.88
2011-08-13T05:15:06.59,38.1686,141.8185
2011-08-14T05:14:46.45,37.5975,141.5622
2011-08-14T14:29:17.47,39.3913,143.6979
2011-08-15T15:25:02.55,39.4827,143.6416
2011-08-16T12:36:05.28,38.822,142.1504
2011-08-18T05:34:39.63,38.1548,141.686
2011-08-19T09:58:15.18,39.6245,142.2472
2011-08-20T11:02:51.03,38.1667,141.7198
2011-08-20T19:25:22,37.63,141.74
2011-08-21T08:13:10.60,38.54,141.72
2011-08-21T19:42:35.24,38.8174,142.1138
2011-08-22T04:21:13.20,37.34,141.35
2011-08-23T04:36:06.94,39.6819,143.5167
2011-08-24T02:53:29.72,39.5988,143.4463
2011-08-24T05:25:51.50,37.67,141.79
2011-08-25T19:12:34.40,37.4848,141.5242
2011-08-25T23:34:08.83,38.8431,142.0464
2011-08-25T23:49:22.23,36.9436,142.7005
2011-08-28T03:51:03.90,37.16,142.4
2011-08-28T03:54:23.10,37.14,142.39
2011-08-29T03:00:43.64,39.9086,142.3592
2011-08-29T20:19:51,38.7,141.8
2011-08-29T21:32:23.76,38.8731,142.1
2011-08-30T06:15:14.10,37.03,142.73
2011-08-30T12:46:15.86,38.5099,141.8259
2011-08-30T23:12:29.90,37.45,141.56
2011-08-31T07:40:01.41,39.1059,142.276
2011-08-31T10:20:37.50,38.67,142.17
2011-08-31T19:31:16.90,38.89,141.98
2011-09-01T14:55:10.30,38.2683,142.0568
2011-09-02T00:07:17.80,37.29,141.41
2011-09-02T12:19:09.90,38.88,141.99
2011-09-02T19:16:38.92,38.4278,142.2446
2011-09-04T09:44:24.83,39.6789,143.5222
2011-09-04T12:21:58.47,38.4036,142.3207
2011-09-04T21:17:46.70,37.5,141.44
2011-09-07T05:42:08.79,38.6397,141.9867
2011-09-08T17:18:17,38.54,141.72
2011-09-09T16:01:40.60,37.51,141.5
2011-09-10T10:01:08.36,39.2427,142.4243
2011-09-11T07:18:48.30,38.24,141.87
2011-09-11T15:14:22.05,38.8149,142.0422
2011-09-13T01:34:01.50,38.8616,142.1319
2011-09-13T13:04:26.60,39.9059,142.3287
2011-09-14T01:09:13.64,39.8376,143.6992
2011-09-15T04:35:51.40,37.17,142.42
2011-09-15T14:25:08.65,39.7206,142.3578
2011-09-16T20:45:44.60,39.75,142.36
2011-09-16T21:42:36.11,38.1609,141.7852
2011-09-17T15:13:23.30,38.2812,141.9233
2011-09-20T20:59:04.21,38.5593,141.8434
2011-09-22T12:14:34.38,37.1882,142.2691
2011-09-22T23:43:32.90,38.66,142.16
2011-09-23T05:41:08.56,38.8842,142.0707
2011-09-23T13:08:58.84,38.6058,142.0237
2011-09-23T18:35:09.66,39.6195,143.2089
2011-09-23T23:07:11.30,37.18,141.67
2011-09-24T03:29:33.13,39.0966,142.2335
2011-09-24T04:31:28.25,39.5624,143.3071
2011-09-24T19:29:50,38.87,141.63
2011-09-25T08:48:25.80,37.22,142.36
2011-09-28T23:13:28.80,38.9114,141.953
2011-09-29T00:56:55,38.54,141.72
2011-09-30T09:50:37.93,39.1219,142.2211
2011-10-01T02:29:50.03,39.7213,142.2646
2011-10-01T07:45:51.30,37.35,141.36
2011-10-01T12:22:25.40,36.99,142.34
2011-10-04T01:14:56.80,38.2803,142.0192
2011-10-07T16:00:01.90,37.13,142.45
2011-10-08T09:55:34.19,38.852,142.0983
2011-10-12T19:31:22.90,37.53,141.47
2011-10-13T14:09:24.70,39.44,143.69
2011-10-13T15:40:22.40,39.66,143.61
2011-10-13T18:41:16.70,37.14,141.43
2011-10-13T19:54:30.80,37.15,141.41
2011-10-14T06:25:32.60,38.3,141.86
2011-10-14T12:17:30.80,37.64,142.69
2011-10-14T12:19:47.50,37.63,142.74
2011-10-16T10:54:23.30,37.52,141.94
2011-10-16T14:07:14.40,37.5,141.45
2011-10-18T09:06:01.09,38.6007,142.0317
2011-10-18T13:07:21.13,39.5555,143.6558
2011-10-22T08:57:37.69,38.1782,141.7948
2011-10-22T12:20:23.47,38.9265,142.1669
2011-10-23T16:32:10.98,38.5134,141.819
2011-10-23T18:58:35.13,39.6388,142.2386
2011-10-24T21:37:27.10,38.6219,141.9473
2011-10-25T10:44:29.51,37.0576,142.732
2011-10-25T12:49:24.09,39.5009,143.4798
2011-10-26T16:44:02.45,39.6233,142.1234
2011-10-28T02:06:46.92,38.8556,142.001
2011-10-30T01:01:19.93,38.2097,141.8512
2011-10-31T05:17:14.12,39.7897,143.332
2011-11-01T15:26:40.60,38.54,141.72
2011-11-03T00:20:36.70,38.34,141.67
2011-11-03T06:25:11,38.54,141.73
2011-11-05T07:56:50.08,39.6999,143.2646
2011-11-05T23:43:44.12,38.3183,141.9138
2011-11-07T22:13:18.32,38.1489,141.7726
2011-11-10T05:49:23.88,38.8235,142.1085
2011-11-10T20:36:25.56,37.5225,141.5517
2011-11-11T07:52:11.62,38.9187,141.9048
2011-11-11T17:24:20.31,38.8512,142.0722
2011-11-12T03:50:13.50,37.31,141.58
2011-11-13T13:31:00.82,38.8403,142.0992
2011-11-15T16:53:21.13,38.9344,142.0426
2011-11-16T01:21:46.81,37.1782,142.3878
2011-11-16T08:34:00.54,38.1787,141.7783
2011-11-16T15:41:56.90,37.5,141.46
2011-11-16T19:39:50.44,39.6597,143.417
2011-11-18T13:54:59.30,39.6486,143.2288
2011-11-18T22:48:55,37.5,141.5
2011-11-19T06:21:18.40,37.45,141.57
2011-11-19T07:16:59.88,39.1105,142.176
2011-11-20T14:35:49.80,38.88,141.98
2011-11-22T03:04:38,38.55,141.72
2011-11-24T07:59:40.17,37.4348,141.6911
2011-11-26T01:43:20.11,38.8117,142.2017
2011-11-26T11:09:25.38,37.0973,141.2905
2011-11-27T22:25:37.34,38.6361,141.9849
2011-11-28T18:53:30.78,38.612,142.0461
2011-12-01T13:53:36.95,39.1198,142.8744
2011-12-02T04:02:36.45,39.2897,142.3022
2011-12-02T08:58:45.26,38.5951,141.9711
2011-12-02T17:31:18.17,37.0017,142.6922
2011-12-03T21:04:06.20,37.6057,141.5522
2011-12-04T17:03:54.94,37.6006,141.8416
2011-12-05T21:04:13.51,39.1431,142.8881
2011-12-07T14:53:33.40,37.43,141.77
2011-12-10T07:50:30.10,38.88,141.99
2011-12-11T06:05:50.70,38.28,141.93
2011-12-12T17:19:51.80,38.54,141.72
2011-12-16T09:46:17.56,39.1154,142.1878
2011-12-17T06:35:54,37.35,141.35
2011-12-17T09:15:19.98,38.1721,141.7673
2011-12-18T00:04:26.10,39.7502,141.8136
2011-12-18T06:08:57.86,38.648,142.2672
2011-12-20T02:13:17.48,38.8263,142.0479
2011-12-20T10:33:35.99,37.0974,142.5878
2011-12-22T17:25:25.20,38.2,141.76
2011-12-22T23:18:56.68,39.465,143.787
2011-12-22T23:32:54.82,39.4854,143.8813
2011-12-23T16:12:04.40,37.45,141.52
2011-12-23T18:15:27.50,38.89,141.98
2011-12-24T16:13:38.60,38.86,141.64
2011-12-26T14:31:05.60,37.78,141.57
2011-12-26T22:28:50.84,38.5167,141.7922
2011-12-27T22:59:10.70,37.32,141.28
2011-12-28T04:00:39.10,39.11,142.12
2011-12-28T07:33:05.64,37.5234,141.4862
2011-12-29T12:28:24.51,39.3987,143.7753
2011-12-30T19:11:32.91,38.8454,141.9692
2011-12-31T10:29:00.61,38.6187,142.1108
2012-01-01T07:49:49.71,38.8748,141.9791
2012-01-01T11:09:18.21,37.5149,141.5186
2012-01-01T12:06:40.45,37.5045,141.5147
2012-01-05T09:02:44.69,39.7846,142.5381
2012-01-05T15:21:48.60,38.87,141.64
2012-01-07T12:30:59.10,38.1737,141.7507
2012-01-07T14:41:27,38.95,142.43
2012-01-08T04:15:19.20,38.54,141.72
2012-01-08T04:41:20.35,38.6191,142.0065
2012-01-08T22:13:07.58,39.3418,142.0672
2012-01-11T01:16:30.52,39.6178,143.2077
2012-01-13T18:54:04.40,38.7,141.8
2012-01-14T07:39:48.42,39.4236,143.5204
2012-01-15T10:36:46.71,38.8009,142.1518
2012-01-15T16:32:22.10,36.99,142.34
2012-01-17T18:01:22.46,38.6844,142.3324
2012-01-18T08:55:38.94,38.6071,142.0718
2012-01-18T09:12:25.70,37.5,141.47
2012-01-18T10:05:59.40,37.5,141.47
2012-01-18T14:11:23.96,38.2837,142.0295
2012-01-25T16:25:45.98,38.8495,142.0415
2012-01-28T17:58:43.70,38.01,142.23
2012-01-29T16:49:48.10,38.18,141.7
2012-02-01T03:45:35.95,39.5436,143.8122
2012-02-01T07:48:28.50,37.81,140.02
2012-02-02T12:25:40.37,38.4049,141.8778
2012-02-03T21:51:35.25,39.6382,142.19
2012-02-03T23:32:29.56,39.612,142.1499
2012-02-03T23:41:13.06,38.8991,142.014
2012-02-04T11:32:59.30,38.72,142.19
2012-02-05T12:44:57.46,38.603,142.0346
2012-02-08T15:27:28.76,39.1074,142.134
2012-02-10T00:38:36.37,39.1914,142.8456
2012-02-13T10:03:42.31,39.3581,142.5921
2012-02-14T13:56:28,37.29,141.42
2012-02-15T06:28:35.76,37.8301,141.6439
2012-02-20T12:16:18.49,37.7973,140.0339
2012-02-20T12:21:14.17,37.7519,140.1111
2012-02-22T11:03:23.44,38.5226,141.8087
2012-02-22T15:19:33.19,39.473,143.7502
2012-02-26T11:26:46.50,38.54,141.72
2012-02-26T15:59:15.30,38.01,142.23
2012-02-27T16:30:33.02,38.5401,141.9053
2012-02-29T11:31:36.19,39.6482,143.4333
2012-03-02T21:16:17.50,38.62,141.91
2012-03-03T13:26:18.41,38.8307,142.1137
2012-03-03T20:45:40.28,39.7215,142.2423
2012-03-04T10:25:33.50,38.89,141.98
2012-03-04T16:32:40.53,38.8621,141.9765
2012-03-06T22:52:30.98,39.4131,143.7409
2012-03-08T03:23:28.39,38.5739,141.8401
2012-03-09T03:38:32.54,39.6298,143.5293
2012-03-09T17:16:09.25,39.5029,143.3196
2012-03-10T01:33:34.16,38.3724,141.8628
2012-03-10T14:28:02.30,38.65,142.16
2012-03-13T18:39:24.26,39.4741,143.7591
2012-03-14T13:28:08.53,38.6288,141.9903
2012-03-17T15:28:32.10,37.12,142.42
2012-03-18T05:55:47.63,39.2806,142.4531
2012-03-18T10:58:30.10,39.3694,143.4074
2012-03-20T07:40:10.60,37.4402,141.6937
2012-03-21T18:25:03.96,38.5578,142.061
2012-03-25T00:16:13.70,38.85,142.06
2012-03-25T22:43:57.38,39.8694,142.1742
2012-03-27T07:58:35.40,38.54,141.73
2012-03-28T01:27:24.12,39.5545,143.7308
2012-03-30T03:37:07.20,38.8322,142.084
2012-03-30T04:38:32.18,37.5425,141.4144
2012-03-30T09:36:56.60,37.51,141.51
2012-03-30T18:32:23.15,39.6071,143.7137
2012-03-31T17:28:13,37.67,141.79
2012-03-31T18:50:44.23,37.4999,141.5548
2012-03-31T22:30:16.30,39.7366,141.8262
2012-04-01T13:28:01.27,39.5997,143.6609
2012-04-02T02:10:30,37.0,142.31
2012-04-02T17:48:14.12,38.8335,142.1244
2012-04-06T16:38:11.08,38.1905,141.865
2012-04-07T21:06:37.32,39.1038,142.1294
2012-04-07T21:12:34.74,37.5269,141.9772
2012-04-08T11:59:43.10,37.31,141.28
2012-04-08T17:46:37.10,37.19,142.38
2012-04-10T02:57:37.98,38.8586,142.1159
2012-04-11T20:29:17.58,39.6383,142.2162
2012-04-13T07:40:00.05,38.8793,141.9411
2012-04-14T15:38:02.10,37.19,141.31
2012-04-15T04:33:25.20,38.88,141.98
2012-04-15T16:59:06.40,37.7295,140.0445
2012-04-16T19:24:22.42,39.599,143.5577
2012-04-17T08:51:44.57,38.9087,142.0315
2012-04-17T20:55:08.70,37.51,141.95
2012-04-20T01:34:07.44,37.5052,141.4787
2012-04-21T11:06:34.40,38.87,141.64
2012-04-24T12:34:19.45,39.0917,142.2797
2012-04-26T04:05:20.60,38.33,141.86
2012-04-27T14:02:14.37,36.9618,142.7849
2012-04-28T04:11:15.73,37.0257,142.6561
2012-04-28T10:23:10.20,37.99,142.62
2012-04-28T16:26:01.21,37.215,142.5681
2012-04-28T22:44:40.79,39.0484,142.3712
2012-04-30T20:00:04.96,39.6365,142.1289
2012-05-01T22:07:48.82,38.6343,142.0099
2012-05-02T21:08:23.75,39.4582,142.5359
2012-05-03T07:15:45.50,38.888,141.9318
2012-05-08T07:02:13.74,39.7581,141.8831
2012-05-08T21:46:54.57,39.3314,142.0628
2012-05-09T09:29:09.67,38.8569,141.7117
2012-05-09T13:49:11,38.62,141.91
2012-05-11T16:36:38.53,38.5256,141.8349
2012-05-12T17:14:39.98,38.8345,142.0632
2012-05-13T11:40:46.76,37.2384,142.4209
2012-05-14T11:51:13.25,39.5017,143.4445
2012-05-15T00:09:06.00,39.6457,142.1157
2012-05-15T14:42:46.69,38.5217,141.7613
2012-05-19T00:08:43.15,39.6205,143.3899
2012-05-19T19:16:38.33,39.6326,143.4703
2012-05-19T20:00:26.15,39.4919,143.5478
2012-05-19T22:15:48.93,39.5063,143.5751
2012-05-20T07:25:15.79,39.4397,143.7213
2012-05-20T09:55:05.73,39.5405,143.5002
2012-05-20T14:45:49.77,39.3443,143.7322
2012-05-20T15:06:09.50,39.57,143.82
2012-05-21T00:19:45.81,39.418,143.3549
2012-05-21T10:35:12.09,39.4019,143.5179
2012-05-21T18:59:41.30,39.39,143.68
2012-05-22T07:18:30.69,39.6696,143.3276
2012-05-24T04:51:58.22,38.4661,141.6789
2012-05-24T17:40:53.03,39.3924,143.69
2012-05-25T09:40:55.70,39.58,143.56
2012-05-27T10:09:20.86,38.368,142.2455
2012-05-30T16:30:53.45,38.8037,142.2324
2012-05-30T23:28:23.93,39.6547,143.418
2012-05-31T05:49:31.44,37.481,141.5125
2012-06-02T18:46:46.25,38.5826,141.9895
2012-06-03T09:40:38.47,39.4935,143.6107
2012-06-07T22:52:31.90,37.81,140.02
2012-06-08T17:34:34.31,38.8919,141.9723
2012-06-10T08:38:00.21,38.6936,142.1659
2012-06-11T11:20:41.33,38.2885,141.9898
2012-06-13T22:24:09.04,39.6095,143.6456
2012-06-15T18:27:25.08,39.1279,143.1165
2012-06-16T02:44:15.41,37.1305,141.4968
2012-06-16T11:05:28.71,39.7315,142.2341
2012-06-17T16:20:16.06,39.1357,143.012
2012-06-20T18:40:33.75,38.816,142.1362
2012-06-21T21:37:28.23,39.3961,143.5444
2012-06-21T23:58:14.34,39.4139,143.6347
2012-06-22T12:44:48.38,38.144,141.8426
2012-06-22T16:32:20.69,39.3582,143.7221
2012-06-23T07:34:09.10,38.6844,142.1426
2012-06-24T01:29:14.59,38.8459,142.2304
2012-06-26T13:42:50.85,38.8973,142.048
2012-06-27T06:47:27.43,39.7042,143.4772
2012-07-02T06:23:27.30,37.4777,141.6569
2012-07-04T06:20:00.45,37.1422,142.5054
2012-07-05T21:05:55.30,38.1576,141.7601
2012-07-07T11:46:59.62,38.8139,142.1934
2012-07-09T04:01:54.21,38.6443,142.1924
2012-07-09T16:56:18.92,38.5356,141.8472
2012-07-19T06:21:41.47,39.5842,143.5226
2012-07-19T06:23:27.83,39.5606,143.5888
2012-07-22T08:20:33.05,38.5804,142.0914
2012-07-22T20:51:14.96,38.298,141.9875
2012-07-22T21:57:53.06,38.2972,142.026
2012-07-30T10:54:59.99,37.3149,142.2892
2012-07-30T12:00:49.71,37.3303,142.2684
2012-07-31T15:27:19.38,39.6712,143.3169
2012-07-31T18:44:50.69,38.8637,142.1754
2012-08-01T04:28:14.27,37.117,141.1619
2012-08-01T14:37:43.47,38.8769,142.0131
2012-08-02T00:52:57.44,39.6097,142.2139
2012-08-03T10:00:43.54,39.4117,143.627
2012-08-04T20:05:30.19,38.6274,141.9972
2012-08-05T04:32:15.84,36.947,142.7728
2012-08-07T11:43:25.28,37.8066,140.0225
2012-08-08T14:09:12.90,39.11,142.12
2012-08-11T07:57:28.16,39.6244,143.522
2012-08-15T18:57:06.20,37.51,141.33
2012-08-17T12:02:14.10,37.46,141.56
2012-08-19T11:40:41.76,38.1975,141.7548
2012-08-20T14:09:31.83,38.8061,142.2393
2012-08-28T17:50:55.90,38.9633,140.9061
2012-08-28T23:17:43.29,38.8908,141.9011
2012-08-29T12:07:07.30,37.34,141.35
2012-08-29T16:11:20.45,38.1563,141.833
2012-09-01T18:24:13.10,37.79,140.0
2012-09-02T03:42:44.25,39.5228,143.6384
2012-09-04T14:56:15.27,38.2864,141.9515
2012-09-04T17:25:19.01,36.9641,142.8105
2012-09-07T04:20:13.90,39.28,142.24
2012-09-08T16:18:55,37.81,140.0
2012-09-08T23:22:08.18,39.5445,143.6678
2012-09-09T07:58:17.23,38.5885,142.1257
2012-09-09T22:30:00.88,39.8418,143.6016
2012-09-10T12:21:09.68,38.3382,141.8895
2012-09-12T07:45:46.20,39.88,142.17
2012-09-16T04:44:27.73,38.1939,141.8482
2012-09-17T08:22:30.64,39.0532,142.3556
2012-09-19T14:30:01.23,38.4794,141.8793
2012-09-23T01:29:14.87,39.7871,141.8405
2012-09-23T04:23:37.59,39.7211,141.7734
2012-09-24T08:03:46.61,39.8696,142.1603
2012-09-24T20:16:04.08,38.6138,141.917
2012-10-02T01:51:35.98,39.7088,143.4099
2012-10-02T02:09:43.61,39.6659,143.483
2012-10-07T17:32:24.57,37.4943,141.4312
2012-10-08T10:49:05.62,38.8824,142.0049
2012-10-10T14:40:35.92,38.1609,141.8178
2012-10-15T08:29:40.20,37.8,140.03
2012-10-15T14:43:17.68,39.8524,143.3967
2012-10-18T21:14:51.75,38.8468,142.1022
2012-10-19T01:50:05.31,39.6276,143.3638
2012-10-19T09:12:57.04,39.3477,142.0536
2012-10-22T11:28:03.07,39.3576,143.7536
2012-10-23T00:37:07.98,39.6469,143.2839
2012-10-23T21:55:16.32,38.7675,142.3468
2012-10-26T19:57:08.53,39.5956,143.3457
2012-10-31T04:28:01.58,38.908,141.9448
2012-11-08T11:07:24.65,38.6118,141.9545
2012-11-08T14:03:10.59,39.5562,143.6798
2012-11-11T06:03:12.23,38.6355,142.0193
2012-11-12T00:32:34.27,39.6497,142.2174
2012-11-16T12:41:04.40,38.8479,142.1914
2012-11-18T02:29:26.84,38.1816,141.7782
2012-11-20T12:23:12.06,38.5047,141.8024
2012-11-21T00:02:19.28,39.6163,142.102
2012-11-21T17:42:36.97,38.4942,141.8832
2012-11-26T18:20:38.46,39.326,142.0842
2012-12-03T04:14:06.64,38.5814,141.8972
2012-12-07T14:08:37.12,37.783,143.5292
2012-12-10T01:15:39.87,38.9077,142.0517
2012-12-16T17:48:12.70,37.74,141.93
2012-12-18T10:25:48.67,38.3666,141.7965
2012-12-20T21:57:41.25,39.686,143.5383
2012-12-21T17:44:26.53,39.6997,143.5042
2012-12-22T20:38:37.32,39.4449,143.855
2012-12-26T19:01:00.30,37.52,141.46
2012-12-26T20:07:48.02,38.638,142.0345
2012-12-30T06:35:34.11,39.5216,143.6668
2012-12-30T17:59:00.04,38.8277,142.1333
2012-12-31T17:43:13.33,37.7315,143.6645
2013-01-01T13:10:30.18,38.8836,141.9979
2013-01-03T00:58:55.10,37.6369,143.6859
2013-01-05T16:47:09.80,38.9155,142.038
2013-01-10T12:48:20.20,37.5342,141.4335
2013-01-23T21:31:07.73,37.8123,141.6655
2013-01-24T02:32:10.84,38.2657,141.944
2013-01-24T04:52:23.17,39.4938,143.4741
2013-01-24T19:47:27,37.51,141.46
2013-01-29T02:21:38.06,38.1891,141.7165
2013-01-30T04:07:25.45,38.1926,141.7092
2013-02-01T15:06:55.17,38.888,141.9774
2013-02-01T19:38:27.04,38.8765,142.0765
2013-02-04T21:25:17.53,36.8835,142.8748
2013-02-06T16:53:32.42,36.9829,142.5941
2013-02-08T00:40:25.73,39.1314,142.8701
2013-02-08T00:54:16.46,39.1328,142.9347
2013-02-11T03:45:41.38,38.608,142.2849
2013-02-12T03:20:14.32,38.6302,142.0936
2013-02-14T00:54:55.32,38.5324,141.8072
2013-02-15T06:51:33.10,37.79,140.0
2013-02-16T01:30:07.09,38.2672,141.9414
2013-02-16T01:32:48.91,37.3397,141.606
2013-02-16T16:04:17.40,37.4204,141.7685
2013-02-18T11:06:42.93,38.8421,142.1455
2013-02-21T15:34:09.22,38.3192,141.9679
2013-02-23T07:41:15.68,38.8666,142.0027
2013-02-25T20:12:56.39,39.6387,142.1355
2013-02-26T13:55:14.55,39.8053,143.4812
2013-03-01T19:56:19.08,39.4752,143.7474
2013-03-07T09:17:57.44,38.5921,142.0398
2013-03-21T08:18:53.13,37.1156,141.4709
2013-03-30T04:22:32.89,39.0622,142.2136
2013-03-31T07:46:18.61,38.9148,142.0274
2013-04-01T19:09:37.88,38.8929,142.0591
2013-04-02T04:32:19.70,39.5523,143.254
2013-04-02T13:06:00.02,39.5637,143.3699
2013-04-02T13:26:35.53,39.428,143.4984
2013-04-02T13:41:08.53,39.4799,143.4975
2013-04-03T20:48:26.26,39.4748,143.4512
2013-04-06T14:44:42.25,38.8432,142.044
2013-04-10T10:35:29.26,38.5063,141.8201
2013-04-11T14:54:43.90,37.51,141.51
2013-04-16T05:47:38.39,38.1625,141.757
2013-04-17T01:00:48.41,38.1715,141.7876
2013-04-17T04:55:36.41,38.2219,141.7807
2013-04-17T14:13:35.49,38.8608,142.0534
2013-04-19T08:46:02.90,39.8249,143.0327
2013-04-19T19:59:25.34,39.6513,143.3852
2013-04-20T19:41:48.92,38.6129,142.1998
2013-04-22T16:33:52.14,37.2899,142.12
2013-04-30T00:49:12.37,37.4884,141.4578
2013-05-11T12:15:44.40,37.8439,143.8633
2013-05-12T11:38:15.30,37.5,141.47
2013-05-18T13:49:45.68,39.738,141.8557
2013-05-18T15:51:01.28,39.6298,142.1197
2013-05-22T17:21:50.30,37.7431,139.9981
2013-05-23T10:47:34.51,38.6319,142.2345
2013-06-01T17:01:22.90,37.34,141.35
2013-06-02T08:19:42.27,37.7882,141.7187
2013-06-03T20:01:23.61,38.6419,141.9306
2013-06-04T08:33:21.41,37.1984,141.4259
2013-06-05T17:29:03.88,39.6391,142.2969
2013-06-08T21:20:07.69,39.1093,142.1014
2013-06-12T18:45:49.38,38.2943,141.8972
2013-06-13T13:35:16.66,38.938,142.0434
2013-06-13T23:59:54.20,38.1498,141.7903
2013-06-22T20:17:00,37.5,141.47
2013-06-23T10:20:22.02,39.4318,143.568
2013-06-25T07:47:07.30,39.63,143.59
2013-06-25T12:10:59.44,38.6209,142.02
2013-06-25T18:23:10.76,38.8394,142.0308
2013-07-08T20:02:43.32,38.5003,141.841
2013-07-09T00:33:01.59,37.5256,141.4236
2013-07-10T22:09:41.74,37.2086,142.1606
2013-07-12T11:40:33.86,39.0204,142.5868
2013-07-13T19:20:31.80,39.11,142.44
2013-07-14T17:35:37.92,39.1736,142.9602
2013-07-18T17:05:03.60,38.39,141.8889
2013-07-19T12:41:49.10,37.19,140.9
2013-07-23T13:57:29.70,39.0289,142.5327
2013-07-30T11:32:31.57,39.7671,141.9003
2013-07-30T18:14:43.22,39.5511,143.6144
2013-07-31T08:39:52.41,39.0017,142.6857
2013-08-04T04:08:45.95,38.1742,141.9069
2013-08-04T14:23:41.40,37.79,141.56
2013-08-04T18:13:48.94,36.9649,142.8193
2013-08-04T18:20:32.49,37.004,142.6363
2013-08-09T02:59:37.20,39.7835,143.5572
2013-08-09T09:17:21.64,37.8994,144.0655
2013-08-09T09:32:58.50,37.8871,144.0683
2013-08-12T06:16:59.64,39.633,142.1778
2013-08-13T20:29:53.30,37.22,142.38
2013-08-18T23:27:58.75,39.0913,143.0067
2013-08-21T08:59:44.30,38.64,141.9
2013-08-22T08:02:47.62,39.3261,142.0361
2013-08-26T05:24:27.41,38.9137,141.9411
2013-08-31T12:05:47.40,37.46,141.57
2013-09-03T05:16:33.87,38.8655,141.9652
2013-09-06T15:50:01.52,38.8488,142.0966
2013-09-12T11:28:52.01,39.6507,142.2124
2013-09-14T02:36:36.90,38.2728,142.0198
2013-09-19T18:00:04.68,39.8322,143.516
2013-09-28T02:11:45.23,37.1203,141.4866
2013-09-29T01:27:54.60,37.51,141.49
2013-10-03T05:12:00.61,38.2327,141.8527
2013-10-06T04:34:19.09,39.6114,143.4355
2013-10-08T13:50:00.88,39.7772,141.8957
2013-10-09T07:44:12.75,38.5735,141.8813
2013-10-15T16:34:15.21,38.5048,141.8671
2013-10-16T16:14:32.81,39.0632,142.2663
2013-10-18T09:40:46.03,37.4776,141.7177
2013-10-19T10:04:51.57,39.6596,143.5757
2013-11-03T11:44:25.60,37.05,142.68
2013-11-10T02:54:46.95,38.8544,142.0799
2013-11-11T20:54:26.71,38.7103,142.2679
2013-11-21T08:59:23.22,39.5994,142.2982
2013-11-25T15:43:02.38,38.5255,141.8496
2013-11-27T00:06:58.64,38.8414,142.2042
2013-12-03T19:55:50.02,38.5841,142.025
2013-12-04T18:43:27.83,37.1967,141.4917
2013-12-14T21:31:03.20,38.64,141.9
2013-12-15T09:21:35.42,38.9052,142.0086
2013-12-21T15:17:32.80,37.52,141.38
2014-01-03T02:40:01.30,37.52,141.45
2014-01-03T09:16:46.14,38.5035,141.8126
2014-01-08T12:28:20.03,38.8485,142.1928
2014-01-11T15:46:13.72,38.9308,142.0529
2014-01-16T19:32:43.81,38.2263,141.7933
2014-01-17T08:14:08.12,36.9977,142.6022
2014-02-02T08:13:25.39,39.6237,142.0189
2014-02-04T00:35:31.06,37.8098,141.6766
2014-02-07T17:18:33.51,37.5468,141.438
2014-02-10T12:36:39.15,39.7099,143.5149
2014-02-10T13:08:38.89,39.709,143.4436
2014-02-10T23:39:30.65,38.867,142.0393
2014-02-22T03:02:39.78,38.6533,141.9279
2014-02-23T18:57:25.09,39.4923,143.7148
2014-02-26T10:57:03.59,37.1615,141.4438
2014-02-27T14:04:58.75,38.8498,142.0177
2014-03-18T02:34:30.95,39.7819,141.8678
2014-03-19T15:48:37.70,39.7373,141.7907
2014-03-27T03:23:58.78,38.1724,141.7612
2014-03-31T02:59:14.94,38.9099,141.9532
2014-04-01T02:45:32,37.31,141.89
2014-04-05T14:19:03.10,37.46,141.58
2014-04-11T08:31:49.60,39.41,143.78
2014-04-16T17:20:10.86,38.257,142.0401
2014-04-21T19:36:15.65,38.6462,142.1155
2014-04-21T20:11:38.95,38.175,141.7341
2014-05-02T01:04:18.95,38.2666,141.9926
2014-05-04T07:10:54.85,38.8913,141.9651
2014-05-06T14:31:00.36,37.8339,142.413
2014-05-06T14:33:13.89,37.8235,142.5575
2014-05-23T07:50:17.39,39.5723,143.6038
2014-06-05T21:10:30.68,39.7562,141.8367
2014-06-06T17:37:49.57,38.5234,141.9115
2014-06-12T12:19:17.24,39.7197,143.1251
2014-06-18T12:40:58.67,38.5603,142.0314
2014-06-19T09:50:14.45,38.159,141.8289
2014-06-20T08:49:00.90,38.1765,141.7737
2014-06-20T11:47:15.60,37.51,141.5
2014-06-23T23:52:57.54,38.8338,142.1591
2014-06-29T08:08:00.10,37.05,141.7
2014-06-29T08:18:54.70,38.911,141.9575
2014-07-03T06:28:20.84,39.0854,142.4583
2014-07-05T07:55:20.81,39.3926,142.5421
2014-07-06T19:28:38.81,39.0566,142.4013
2014-07-08T12:52:47.73,39.2105,142.8305
2014-07-10T13:22:36.47,38.9533,142.3619
2014-07-12T22:31:06.40,36.98,142.74
2014-07-12T22:36:04.27,37.0043,142.5911
2014-07-15T20:11:22.73,38.6564,142.4203
2014-07-20T10:52:59.80,38.8696,142.0185
2014-07-22T22:48:52.61,39.155,142.4417
2014-07-26T13:24:09.92,38.6134,141.9902
2014-07-27T09:24:15.45,39.6279,142.1824
2014-08-09T05:49:36.94,38.8642,141.9685
2014-08-14T05:57:48.18,38.5365,141.7656
2014-08-17T19:24:00.68,39.5585,143.8852
2014-08-21T15:20:44.36,39.5624,143.7844
2014-08-25T11:04:35.93,39.6218,142.1878
2014-08-25T19:51:01.18,39.7479,141.8577
2014-08-30T20:42:28.87,37.6781,142.3243
2014-10-05T15:09:15.48,37.4779,141.4748
2014-10-09T16:16:03.10,39.5731,143.6537
2014-10-09T16:38:19.35,39.5282,143.8304
2014-10-27T04:16:13.03,38.8999,141.9955
2014-11-07T10:50:09.85,38.5157,141.8428
2014-11-08T12:09:27.04,38.8164,142.2867
2014-11-10T17:21:24.75,38.8511,142.0984
2014-11-19T04:32:32.52,38.9022,141.9462
2014-11-23T09:20:44,39.58,143.6042
2014-11-23T11:02:31.08,37.1454,141.549
2014-11-23T13:34:55.29,39.5793,143.4258
2014-11-23T14:58:05.11,39.5536,143.478
2014-11-24T09:57:49.68,39.6252,143.4331
2014-11-27T08:02:09.80,37.46,141.58
2014-12-18T15:16:56.83,39.1586,142.8582
2014-12-22T10:27:12.17,37.8095,143.4981
2014-12-30T07:33:56.90,38.28,141.91
2014-12-30T11:19:13.58,38.838,142.0909
2015-01-09T09:12:53.71,38.179,141.2752
2015-01-12T18:24:34.26,38.6439,141.9022
2015-01-13T17:46:43.53,39.3513,142.084
2015-01-15T15:07:15.75,38.5362,141.8367
2015-01-26T01:31:54.71,38.1497,141.74
2015-01-29T10:45:18.93,39.6108,142.0683
2015-01-29T22:18:37.64,39.7467,141.8603
2015-01-31T20:17:40.91,38.3133,142.033
2015-02-01T10:32:41.35,39.2172,142.7938
2015-02-02T21:19:03.33,38.8469,142.0469
2015-02-04T22:37:52.89,39.3971,143.7445
2015-02-05T20:28:42.76,38.6077,141.9812
2015-02-07T06:02:08.79,39.3813,143.6958
2015-02-09T11:09:54.33,37.1252,141.5734
2015-02-09T22:55:20.65,39.5262,143.53
2015-02-10T19:23:46.57,38.2724,141.9928
2015-02-12T02:42:37.98,39.4622,143.6174
2015-02-13T22:30:03.15,38.9124,142.041
2015-02-17T01:27:40.05,39.8411,143.3735
2015-02-17T02:29:50.89,39.6468,143.304
2015-02-17T03:23:20.10,39.8285,143.2158
2015-02-17T10:36:01.91,39.3967,143.7585
2015-02-17T20:27:37.10,39.8088,143.1362
2015-02-17T23:55:16.89,39.6362,143.2289
2015-02-20T23:56:53.72,39.3519,143.6624
2015-02-21T03:23:00.24,39.3894,143.6852
2015-02-22T21:38:35.59,39.2447,142.7898
2015-03-17T05:45:53.37,39.621,143.6503
2015-03-19T01:33:54.21,38.4888,141.9534
2015-03-19T06:53:46.16,39.6884,143.4015
2015-03-19T18:40:12.64,39.648,143.6233
2015-03-23T13:56:48.72,39.6415,142.0922
2015-03-26T17:28:26.71,38.1334,141.7882
2015-04-15T20:16:48.21,38.4346,142.2681
2015-04-19T00:24:00.50,37.24,142.29
2015-04-19T12:01:17.50,38.66,142.16
2015-04-21T02:03:56.90,37.24,141.42
2015-04-26T12:12:10.71,38.1802,141.8457
2015-05-01T06:34:41.45,39.0501,142.2038
2015-05-02T05:59:36.29,38.8732,141.8997
2015-05-03T04:02:51.76,37.5105,141.6397
2015-05-03T09:58:22.53,38.6151,142.0094
2015-05-05T12:55:03.51,39.7557,143.1328
2015-05-06T00:44:25.10,37.46,141.58
2015-05-09T11:50:03.50,39.65,143.53
2015-05-09T19:15:44.03,39.6173,142.1756
2015-05-10T12:26:16.03,37.5086,141.6539
2015-05-16T20:39:48.36,38.7923,142.1864
2015-05-19T17:17:39.52,38.8762,142.0788
2015-05-20T02:03:57.76,38.4963,141.8379
2015-05-20T12:18:23.91,38.1945,141.8213
2015-05-21T04:47:55.39,38.913,142.0224
2015-06-01T15:51:34.96,39.8323,143.4342
2015-06-01T16:06:19.40,37.51,141.51
2015-06-10T12:36:10.79,39.5362,143.7019
2015-06-10T14:14:52.84,39.6518,143.6438
2015-06-11T05:10:37.88,39.578,143.4302
2015-06-11T05:29:58.81,39.5199,143.5825
2015-06-18T07:36:33.49,39.748,141.8479
2015-06-19T00:35:14.31,37.54,141.5365
2015-06-20T13:27:54.59,37.1247,142.4401
2015-06-21T04:16:19.81,38.1912,141.7778
2015-06-21T11:33:06.47,39.4315,143.6511
2015-06-23T08:57:56.58,37.4841,141.5053
2015-07-04T04:45:44.80,39.76,143.5
2015-07-19T05:20:28.70,38.64,141.91
2015-08-02T13:22:27.47,39.8202,142.7238
2015-08-03T11:59:27.41,39.4273,143.8275
2015-08-05T02:34:37.97,38.8839,141.9625
2015-08-05T11:56:09.56,37.4757,141.5204
2015-08-06T13:04:28.90,37.51,141.47
2015-08-14T12:13:16.53,38.9145,142.0782
2015-08-15T23:44:19.58,37.4799,141.6645
2015-08-21T14:55:09.47,38.9142,142.0314
2015-08-24T18:24:37.60,38.7426,142.1893
2015-08-24T21:14:25.10,38.5296,141.7973
2015-08-25T05:57:43.12,38.6132,142.0911
2015-08-31T13:55:48.52,39.7741,143.5541
2015-09-01T19:56:02.09,37.7148,141.932
2015-09-03T19:13:54.10,39.5468,143.4123
2015-09-05T03:13:13.36,38.5108,141.916
2015-09-06T02:00:10.78,39.6328,142.1218
2015-09-06T08:29:43.90,39.4988,143.5962
2015-09-13T00:31:48.89,38.1615,141.8518
2015-09-28T16:33:55.17,39.5984,142.1289
2015-09-29T11:35:39.65,39.4183,143.7601
2015-10-04T02:57:52.37,38.8489,142.0337
2015-10-06T09:09:24.99,39.7457,141.8613
2015-10-07T15:15:39.78,37.7341,141.8604
2015-10-07T15:35:28.51,37.7446,141.8811
2015-10-10T22:17:45.17,39.5474,143.7748
2015-10-16T07:34:04.06,38.306,141.9373
2015-10-22T00:51:50.79,39.0642,142.2358
2015-10-22T16:18:49.73,39.3429,141.9986
2015-10-30T10:32:06.09,39.7488,141.8364
2015-11-03T03:46:07.70,37.53,141.39
2015-11-05T21:25:24.85,39.3852,143.6713
2015-11-06T13:52:52.35,39.391,143.658
2015-11-09T10:31:46.10,39.6456,142.1164
2015-11-11T03:49:29.40,37.52,141.33
2015-11-18T13:42:32.37,38.5565,142.1536
2015-11-29T07:38:31.91,38.284,141.9378
2015-12-02T22:12:29,36.98,142.74
2015-12-08T07:59:21.40,38.5406,141.983
2015-12-12T21:05:51.61,38.8977,142.0347
2015-12-15T22:41:36.38,38.9033,141.9771
2015-12-17T08:49:23.65,39.4806,143.7423
2015-12-31T18:53:18.29,39.629,142.2132
2016-01-03T02:59:43.08,37.151,141.4015
2016-01-06T17:47:34.44,39.3329,142.1326
2016-01-10T17:08:25.72,39.6447,142.2128
2016-02-02T18:12:40.29,38.2861,141.9576
2016-02-24T16:10:50.33,38.2889,141.9109
2016-02-25T02:43:51.74,38.1603,141.8057
2016-02-27T11:05:11.51,38.5099,141.7951
2016-03-13T08:44:10.19,38.1587,141.7287
2016-03-15T18:49:21.74,39.4916,143.3956
2016-03-16T00:24:52.30,39.5211,143.3629
2016-03-16T04:09:24.53,39.5449,143.2551
2016-03-16T05:23:06.03,39.6166,143.2034
2016-03-16T06:02:34.06,39.5049,143.3102
2016-03-19T14:30:30.81,38.2266,141.8059
2016-03-23T07:56:22.73,38.3282,141.7376
2016-04-12T00:02:42.17,38.9211,142.4947
2016-04-15T18:01:04.21,39.7262,141.8222
2016-04-19T05:55:13.08,38.8978,142.1055
2016-04-19T17:37:44.85,39.11,142.9654
2016-04-24T21:51:22.54,38.8291,142.1441
2016-04-26T10:21:46.87,39.6199,142.1361
2016-04-27T07:49:07.18,37.3624,141.7787
2016-05-03T10:54:51.94,38.4969,141.8164
2016-05-04T16:10:19.95,38.5338,141.8718
2016-05-23T16:33:27.50,37.263,141.4073
2016-05-24T18:00:53.39,38.5295,142.063
2016-05-27T20:40:33.57,38.5502,141.7791
2016-06-08T16:39:16.98,39.4057,143.7371
2016-06-13T14:55:15.79,37.2728,142.1498
2016-06-13T18:17:25.85,38.5899,141.961
2016-06-22T03:41:15.68,38.4395,141.6932
2016-06-26T23:41:40.74,36.97,142.2289
2016-06-29T05:01:36.37,38.1588,141.7405
2016-07-03T09:06:01.44,39.6391,142.159
2016-07-08T04:03:37.17,38.6387,141.9384
2016-07-09T00:54:36.25,37.1216,141.5202
2016-07-12T03:01:22.18,38.8704,142.0281
2016-07-19T23:50:21.49,39.3526,142.1295
2016-07-20T02:08:02.70,39.7714,141.8892
2016-07-23T21:52:08.33,38.8529,142.0857
2016-07-31T16:35:03.05,38.8875,141.9726
2016-08-03T05:56:18.72,38.2702,141.9426
2016-08-04T12:01:16.08,39.0857,142.2882
2016-08-13T08:49:41.24,38.8588,142.1239
2016-08-19T23:58:24.38,39.7494,141.9035
2016-08-20T05:52:42.30,39.5287,143.6629
2016-08-21T23:13:10.79,39.8384,143.6145
2016-09-01T23:27:00.79,38.2321,141.9488
2016-09-02T20:54:03.52,39.161,142.9435
2016-09-04T00:15:17.01,38.5194,141.7742
2016-09-04T05:19:48.29,37.0332,141.7495
2016-09-09T04:47:04.68,39.6328,142.1661
2016-09-24T03:19:30.53,39.1909,142.7439
2016-10-25T17:27:35.16,39.3636,143.5899
2016-11-03T16:35:11.26,39.0682,143.116
2016-11-04T21:58:31.41,38.1322,141.2428
2016-11-12T15:46:11.45,38.8788,142.0019
2016-11-19T13:29:19.67,37.4671,141.6774
2016-11-21T22:26:22.04,37.1588,141.3312
2016-11-22T04:34:52.32,37.1943,141.3806
2016-11-22T07:02:13.16,37.2056,141.6479
2016-11-23T15:53:35.60,37.1877,141.5157
2016-11-23T16:42:28.69,37.1927,141.412
2016-11-24T20:27:02.72,37.2048,141.4153
2016-11-25T17:26:37.65,37.2403,141.6212
2016-11-25T18:04:08.03,37.2452,141.505
2016-11-26T06:09:02.35,38.8201,142.1453
2016-11-26T12:05:59.26,37.1762,141.4663
2016-11-26T14:51:38.01,37.214,141.6006
2016-11-29T01:02:57.17,39.7907,141.8676
2016-11-29T03:46:36.50,39.6371,142.1238
2016-12-06T23:17:17.86,38.2292,141.7358
2016-12-08T04:25:10.30,38.5752,142.022
2016-12-16T21:38:49.81,37.1544,141.3874
2016-12-20T15:27:27.24,39.6184,142.096
2016-12-24T07:04:32.57,38.8069,142.1666
2016-12-25T22:52:59.53,39.8359,143.3617
2016-12-29T12:09:50.05,38.2028,141.8732
2016-12-30T08:33:10.00,38.8661,141.9908
2016-12-31T20:44:50.25,38.5098,141.8752
2017-01-16T22:35:22.69,38.6447,142.1329
2017-01-26T05:45:43.84,38.902,141.9875
2017-02-15T12:02:55.54,39.5023,143.4652
2017-02-24T02:50:11.58,39.2688,142.7249
2017-02-26T15:03:33.71,37.1163,141.1537
2017-02-27T02:17:34.25,39.3516,143.6568
2017-02-27T17:52:13.57,39.4096,143.6387
2017-03-02T03:22:10.99,37.5132,141.5035
2017-03-06T15:39:55.45,38.9047,141.9909
2017-03-12T09:44:35.58,37.5021,141.5395
2017-03-30T08:30:12.33,38.1665,141.8456
2017-04-02T15:54:00.69,39.6678,142.2714
2017-04-05T20:00:13.64,39.611,142.0494
2017-04-08T22:20:14.10,37.505,141.5407
2017-04-10T01:32:35.22,37.4845,141.6849
2017-04-21T21:32:23.82,38.5058,141.8039
2017-04-25T18:01:33.67,38.8642,142.1573
2017-04-25T18:12:38.38,38.8513,142.0723
2017-04-29T10:47:03.85,38.0669,142.5746
2017-05-01T18:18:47.95,38.8994,142.0239
2017-05-06T08:18:54.37,39.7415,141.9147
2017-05-21T18:44:42.99,38.1693,141.6697
2017-05-23T18:42:52.29,38.9853,144.0052
2017-05-30T16:38:35.83,37.2145,141.3058
2017-06-02T14:46:12.54,36.9836,142.7126
2017-06-02T15:07:01.13,36.9843,142.6842
2017-06-18T09:24:58.57,38.5165,141.7867
2017-06-22T23:59:00.82,39.3264,141.9561
2017-06-25T20:16:39.45,38.7067,142.1487
2017-07-01T18:53:11.37,38.6039,141.9678
2017-07-03T02:27:25.18,37.1267,141.4957
2017-07-05T21:40:16.04,39.7374,141.8889
2017-07-16T10:23:01.17,39.0864,142.2035
2017-07-22T11:07:41.59,37.1456,141.4549
2017-07-28T22:25:11.01,38.1491,141.7745
2017-07-31T04:20:12.58,38.8873,142.0092
2017-08-05T19:03:23.65,37.0905,141.339
2017-08-06T17:55:48.20,38.8687,141.9708
2017-08-07T22:35:14.81,38.8689,141.9697
2017-08-08T23:10:42.64,37.4512,141.622
2017-08-12T14:13:07.51,38.637,141.9032
2017-08-13T18:54:51.30,39.441,143.3953
2017-08-22T12:43:53.23,38.2622,142.0201
2017-08-23T01:29:32.74,38.9071,142.4307
2017-08-24T17:18:53.27,37.492,141.6957
2017-08-24T17:36:10.88,37.1001,141.5033
2017-09-03T11:44:31.75,38.0926,142.6821
2017-09-03T12:05:57.15,38.0647,142.7134
2017-09-11T19:36:44.51,39.4457,143.7762
2017-09-12T19:00:26.01,39.4885,140.4235
2017-09-13T07:13:41.23,39.6106,142.1044
2017-09-19T12:51:14.03,37.3364,141.8659
2017-09-25T08:03:23.90,38.1751,141.7097
2017-10-06T15:00:42.67,37.1746,141.1799
2017-11-06T15:08:06.87,37.4516,142.1856
2017-11-07T11:52:00.95,37.4154,142.1527
2017-11-17T01:02:47.85,37.2273,141.4163
2017-11-25T11:36:43.98,38.372,141.8791
2017-11-27T10:20:40.85,39.7218,143.297
2017-12-12T03:47:28.68,39.7472,141.6758
2017-12-14T12:12:15.53,38.8939,141.9605
2017-12-16T18:50:17.66,39.7686,142.0077
